date,value,Variable
2003-01-01,730.994,Réserve Fédérale
2003-01-08,723.762,Réserve Fédérale
2003-01-15,720.074,Réserve Fédérale
2003-01-22,735.953,Réserve Fédérale
2003-01-29,712.809,Réserve Fédérale
2003-02-05,719.643,Réserve Fédérale
2003-02-12,713.281,Réserve Fédérale
2003-02-19,730.4,Réserve Fédérale
2003-02-26,721.98,Réserve Fédérale
2003-03-05,722.649,Réserve Fédérale
2003-03-12,717.014,Réserve Fédérale
2003-03-19,729.923,Réserve Fédérale
2003-03-26,725.019,Réserve Fédérale
2003-04-02,732.452,Réserve Fédérale
2003-04-09,727.826,Réserve Fédérale
2003-04-16,745.838,Réserve Fédérale
2003-04-23,732.222,Réserve Fédérale
2003-04-30,746.294,Réserve Fédérale
2003-05-07,733.466,Réserve Fédérale
2003-05-14,740.371,Réserve Fédérale
2003-05-21,734.699,Réserve Fédérale
2003-05-28,744.896,Réserve Fédérale
2003-06-04,731.667,Réserve Fédérale
2003-06-11,743.236,Réserve Fédérale
2003-06-18,735.926,Réserve Fédérale
2003-06-25,744.018,Réserve Fédérale
2003-07-02,740.126,Réserve Fédérale
2003-07-09,744.43,Réserve Fédérale
2003-07-16,737.765,Réserve Fédérale
2003-07-23,745.665,Réserve Fédérale
2003-07-30,740.295,Réserve Fédérale
2003-08-06,734.018,Réserve Fédérale
2003-08-13,735.386,Réserve Fédérale
2003-08-20,750.825,Réserve Fédérale
2003-08-27,740.637,Réserve Fédérale
2003-09-03,750.461,Réserve Fédérale
2003-09-10,737.234,Réserve Fédérale
2003-09-17,743.939,Réserve Fédérale
2003-09-24,741.193,Réserve Fédérale
2003-10-01,753.155,Réserve Fédérale
2003-10-08,737.108,Réserve Fédérale
2003-10-15,754.229,Réserve Fédérale
2003-10-22,743.578,Réserve Fédérale
2003-10-29,747.272,Réserve Fédérale
2003-11-05,744.116,Réserve Fédérale
2003-11-12,745.604,Réserve Fédérale
2003-11-19,744.521,Réserve Fédérale
2003-11-26,756.964,Réserve Fédérale
2003-12-03,749.981,Réserve Fédérale
2003-12-10,756.585,Réserve Fédérale
2003-12-17,753.919,Réserve Fédérale
2003-12-24,767.012,Réserve Fédérale
2003-12-31,771.551,Réserve Fédérale
2004-01-07,755.829,Réserve Fédérale
2004-01-14,752.812,Réserve Fédérale
2004-01-21,775.833,Réserve Fédérale
2004-01-28,755.279,Réserve Fédérale
2004-02-04,754.153,Réserve Fédérale
2004-02-11,750.999,Réserve Fédérale
2004-02-18,758.759,Réserve Fédérale
2004-02-25,750.666,Réserve Fédérale
2004-03-03,754.867,Réserve Fédérale
2004-03-10,749.95,Réserve Fédérale
2004-03-17,760.638,Réserve Fédérale
2004-03-24,751.51,Réserve Fédérale
2004-03-31,760.725,Réserve Fédérale
2004-04-07,754.083,Réserve Fédérale
2004-04-14,763.734,Réserve Fédérale
2004-04-21,757.984,Réserve Fédérale
2004-04-28,772.927,Réserve Fédérale
2004-05-05,758.838,Réserve Fédérale
2004-05-12,764.835,Réserve Fédérale
2004-05-19,756.874,Réserve Fédérale
2004-05-26,771.108,Réserve Fédérale
2004-06-02,764.09,Réserve Fédérale
2004-06-09,772.187,Réserve Fédérale
2004-06-16,761.834,Réserve Fédérale
2004-06-23,775.261,Réserve Fédérale
2004-06-30,779.578,Réserve Fédérale
2004-07-07,778.163,Réserve Fédérale
2004-07-14,775.536,Réserve Fédérale
2004-07-21,776.764,Réserve Fédérale
2004-07-28,773.916,Réserve Fédérale
2004-08-04,772.085,Réserve Fédérale
2004-08-11,769.265,Réserve Fédérale
2004-08-18,767.595,Réserve Fédérale
2004-08-25,775.437,Réserve Fédérale
2004-09-01,785.273,Réserve Fédérale
2004-09-08,788.602,Réserve Fédérale
2004-09-15,789.128,Réserve Fédérale
2004-09-22,782.124,Réserve Fédérale
2004-09-29,786.33,Réserve Fédérale
2004-10-06,781.777,Réserve Fédérale
2004-10-13,795.483,Réserve Fédérale
2004-10-20,784.954,Réserve Fédérale
2004-10-27,791.336,Réserve Fédérale
2004-11-03,790.552,Réserve Fédérale
2004-11-10,800.473,Réserve Fédérale
2004-11-17,794.09,Réserve Fédérale
2004-11-24,809.956,Réserve Fédérale
2004-12-01,807.063,Réserve Fédérale
2004-12-08,808.495,Réserve Fédérale
2004-12-15,807.028,Réserve Fédérale
2004-12-22,811.333,Réserve Fédérale
2004-12-29,810.944,Réserve Fédérale
2005-01-05,815.702,Réserve Fédérale
2005-01-12,798.455,Réserve Fédérale
2005-01-19,806.96,Réserve Fédérale
2005-01-26,807.262,Réserve Fédérale
2005-02-02,804.746,Réserve Fédérale
2005-02-09,797.299,Réserve Fédérale
2005-02-16,795.606,Réserve Fédérale
2005-02-23,804.576,Réserve Fédérale
2005-03-02,801.252,Réserve Fédérale
2005-03-09,799.25,Réserve Fédérale
2005-03-16,807.211,Réserve Fédérale
2005-03-23,797.094,Réserve Fédérale
2005-03-30,807.551,Réserve Fédérale
2005-04-06,797.327,Réserve Fédérale
2005-04-13,805.707,Réserve Fédérale
2005-04-20,801.793,Réserve Fédérale
2005-04-27,809.797,Réserve Fédérale
2005-05-04,802.412,Réserve Fédérale
2005-05-11,808.378,Réserve Fédérale
2005-05-18,801.546,Réserve Fédérale
2005-05-25,810.16,Réserve Fédérale
2005-06-01,817.335,Réserve Fédérale
2005-06-08,814.172,Réserve Fédérale
2005-06-15,811.198,Réserve Fédérale
2005-06-22,810.429,Réserve Fédérale
2005-06-29,810.082,Réserve Fédérale
2005-07-06,821.556,Réserve Fédérale
2005-07-13,808.861,Réserve Fédérale
2005-07-20,816.804,Réserve Fédérale
2005-07-27,814.259,Réserve Fédérale
2005-08-03,818.841,Réserve Fédérale
2005-08-10,808.544,Réserve Fédérale
2005-08-17,813.774,Réserve Fédérale
2005-08-24,811.313,Réserve Fédérale
2005-08-31,823.237,Réserve Fédérale
2005-09-07,822.5,Réserve Fédérale
2005-09-14,823.59,Réserve Fédérale
2005-09-21,812.926,Réserve Fédérale
2005-09-28,823.771,Réserve Fédérale
2005-10-05,817.137,Réserve Fédérale
2005-10-12,826.306,Réserve Fédérale
2005-10-19,814.281,Réserve Fédérale
2005-10-26,819.105,Réserve Fédérale
2005-11-02,814.571,Réserve Fédérale
2005-11-09,824.991,Réserve Fédérale
2005-11-16,823.263,Réserve Fédérale
2005-11-23,833.124,Réserve Fédérale
2005-11-30,835.059,Réserve Fédérale
2005-12-07,833.25,Réserve Fédérale
2005-12-14,830.95,Réserve Fédérale
2005-12-21,848.317,Réserve Fédérale
2005-12-28,847.7,Réserve Fédérale
2006-01-04,851.856,Réserve Fédérale
2006-01-11,829.357,Réserve Fédérale
2006-01-18,836.042,Réserve Fédérale
2006-01-25,828.901,Réserve Fédérale
2006-02-01,831.808,Réserve Fédérale
2006-02-08,827.613,Réserve Fédérale
2006-02-15,835.24,Réserve Fédérale
2006-02-22,840.555,Réserve Fédérale
2006-03-01,839.356,Réserve Fédérale
2006-03-08,839.234,Réserve Fédérale
2006-03-15,843.01,Réserve Fédérale
2006-03-22,838.003,Réserve Fédérale
2006-03-29,833.675,Réserve Fédérale
2006-04-05,834.589,Réserve Fédérale
2006-04-12,836.862,Réserve Fédérale
2006-04-19,836.352,Réserve Fédérale
2006-04-26,844.572,Réserve Fédérale
2006-05-03,843.867,Réserve Fédérale
2006-05-10,838.405,Réserve Fédérale
2006-05-17,838.153,Réserve Fédérale
2006-05-24,840.251,Réserve Fédérale
2006-05-31,851.58,Réserve Fédérale
2006-06-07,849.074,Réserve Fédérale
2006-06-14,845.869,Réserve Fédérale
2006-06-21,844.773,Réserve Fédérale
2006-06-28,844.436,Réserve Fédérale
2006-07-05,851.659,Réserve Fédérale
2006-07-12,844.391,Réserve Fédérale
2006-07-19,849.894,Réserve Fédérale
2006-07-26,841.552,Réserve Fédérale
2006-08-02,850.263,Réserve Fédérale
2006-08-09,840.006,Réserve Fédérale
2006-08-16,842.876,Réserve Fédérale
2006-08-23,837.987,Réserve Fédérale
2006-08-30,850.925,Réserve Fédérale
2006-09-06,848.594,Réserve Fédérale
2006-09-13,840.886,Réserve Fédérale
2006-09-20,838.192,Réserve Fédérale
2006-09-27,849.971,Réserve Fédérale
2006-10-04,842.296,Réserve Fédérale
2006-10-11,859.339,Réserve Fédérale
2006-10-18,844.2,Réserve Fédérale
2006-10-25,852.648,Réserve Fédérale
2006-11-01,855.536,Réserve Fédérale
2006-11-08,858.63,Réserve Fédérale
2006-11-15,855.551,Réserve Fédérale
2006-11-22,865.126,Réserve Fédérale
2006-11-29,856.671,Réserve Fédérale
2006-12-06,862.178,Réserve Fédérale
2006-12-13,853.851,Réserve Fédérale
2006-12-20,865.01,Réserve Fédérale
2006-12-27,869.988,Réserve Fédérale
2007-01-03,874.626,Réserve Fédérale
2007-01-10,854.819,Réserve Fédérale
2007-01-17,859.363,Réserve Fédérale
2007-01-24,851.755,Réserve Fédérale
2007-01-31,865.73,Réserve Fédérale
2007-02-07,855.057,Réserve Fédérale
2007-02-14,867.199,Réserve Fédérale
2007-02-21,869.235,Réserve Fédérale
2007-02-28,877.409,Réserve Fédérale
2007-03-07,864.505,Réserve Fédérale
2007-03-14,876.108,Réserve Fédérale
2007-03-21,863.067,Réserve Fédérale
2007-03-28,869.803,Réserve Fédérale
2007-04-04,862.319,Réserve Fédérale
2007-04-11,865.441,Réserve Fédérale
2007-04-18,861.335,Réserve Fédérale
2007-04-25,879.686,Réserve Fédérale
2007-05-02,890.857,Réserve Fédérale
2007-05-09,875.27,Réserve Fédérale
2007-05-16,859.559,Réserve Fédérale
2007-05-23,873.935,Réserve Fédérale
2007-05-30,876.986,Réserve Fédérale
2007-06-06,872.706,Réserve Fédérale
2007-06-13,864.989,Réserve Fédérale
2007-06-20,866.089,Réserve Fédérale
2007-06-27,865.105,Réserve Fédérale
2007-07-04,876.611,Réserve Fédérale
2007-07-11,869.407,Réserve Fédérale
2007-07-18,872.916,Réserve Fédérale
2007-07-25,863.89,Réserve Fédérale
2007-08-01,870.261,Réserve Fédérale
2007-08-08,865.453,Réserve Fédérale
2007-08-15,864.931,Réserve Fédérale
2007-08-22,862.775,Réserve Fédérale
2007-08-29,872.873,Réserve Fédérale
2007-09-05,871.156,Réserve Fédérale
2007-09-12,886.314,Réserve Fédérale
2007-09-19,867.732,Réserve Fédérale
2007-09-26,889.9,Réserve Fédérale
2007-10-03,869.051,Réserve Fédérale
2007-10-10,886.363,Réserve Fédérale
2007-10-17,869.509,Réserve Fédérale
2007-10-24,881.395,Réserve Fédérale
2007-10-31,883.385,Réserve Fédérale
2007-11-07,885.724,Réserve Fédérale
2007-11-14,889.537,Réserve Fédérale
2007-11-21,891.028,Réserve Fédérale
2007-11-28,879.417,Réserve Fédérale
2007-12-05,882.764,Réserve Fédérale
2007-12-12,881.75,Réserve Fédérale
2007-12-19,887.983,Réserve Fédérale
2007-12-26,890.662,Réserve Fédérale
2008-01-02,922.187,Réserve Fédérale
2008-01-09,880.754,Réserve Fédérale
2008-01-16,893.581,Réserve Fédérale
2008-01-23,877.253,Réserve Fédérale
2008-01-30,900.264,Réserve Fédérale
2008-02-06,871.022,Réserve Fédérale
2008-02-13,883.005,Réserve Fédérale
2008-02-20,878.949,Réserve Fédérale
2008-02-27,893.825,Réserve Fédérale
2008-03-05,881.208,Réserve Fédérale
2008-03-12,896.565,Réserve Fédérale
2008-03-19,888.646,Réserve Fédérale
2008-03-26,893.965,Réserve Fédérale
2008-04-02,883.708,Réserve Fédérale
2008-04-09,893.029,Réserve Fédérale
2008-04-16,881.904,Réserve Fédérale
2008-04-23,885.781,Réserve Fédérale
2008-04-30,888.131,Réserve Fédérale
2008-05-07,889.228,Réserve Fédérale
2008-05-14,880.175,Réserve Fédérale
2008-05-21,898.487,Réserve Fédérale
2008-05-28,904.054,Réserve Fédérale
2008-06-04,895.939,Réserve Fédérale
2008-06-11,890.61,Réserve Fédérale
2008-06-18,902.304,Réserve Fédérale
2008-06-25,892.713,Réserve Fédérale
2008-07-02,902.962,Réserve Fédérale
2008-07-09,898.034,Réserve Fédérale
2008-07-16,910.681,Réserve Fédérale
2008-07-23,899.665,Réserve Fédérale
2008-07-30,918.625,Réserve Fédérale
2008-08-06,901.71,Réserve Fédérale
2008-08-13,914.632,Réserve Fédérale
2008-08-20,898.611,Réserve Fédérale
2008-08-27,909.982,Réserve Fédérale
2008-09-03,905.253,Réserve Fédérale
2008-09-10,925.725,Réserve Fédérale
2008-09-17,995.093,Réserve Fédérale
2008-09-24,1211.825,Réserve Fédérale
2008-10-01,1503.989,Réserve Fédérale
2008-10-08,1591.587,Réserve Fédérale
2008-10-15,1770.809,Réserve Fédérale
2008-10-22,1802.602,Réserve Fédérale
2008-10-29,1969.086,Réserve Fédérale
2008-11-05,2074.205,Réserve Fédérale
2008-11-12,2212.852,Réserve Fédérale
2008-11-19,2187.137,Réserve Fédérale
2008-11-26,2106.117,Réserve Fédérale
2008-12-03,2136.924,Réserve Fédérale
2008-12-10,2250.012,Réserve Fédérale
2008-12-17,2254.983,Réserve Fédérale
2008-12-24,2232.311,Réserve Fédérale
2008-12-31,2239.457,Réserve Fédérale
2009-01-07,2121.439,Réserve Fédérale
2009-01-14,2049.714,Réserve Fédérale
2009-01-21,2037.112,Réserve Fédérale
2009-01-28,1927.082,Réserve Fédérale
2009-02-04,1851.437,Réserve Fédérale
2009-02-11,1843.4,Réserve Fédérale
2009-02-18,1915.562,Réserve Fédérale
2009-02-25,1916.115,Réserve Fédérale
2009-03-04,1901.317,Réserve Fédérale
2009-03-11,1899.514,Réserve Fédérale
2009-03-18,2066.942,Réserve Fédérale
2009-03-25,2071.556,Réserve Fédérale
2009-04-01,2078.936,Réserve Fédérale
2009-04-08,2088.573,Réserve Fédérale
2009-04-15,2186.498,Réserve Fédérale
2009-04-22,2196.812,Réserve Fédérale
2009-04-29,2066.712,Réserve Fédérale
2009-05-06,2079.758,Réserve Fédérale
2009-05-13,2196.351,Réserve Fédérale
2009-05-20,2181.632,Réserve Fédérale
2009-05-27,2080.115,Réserve Fédérale
2009-06-03,2077.695,Réserve Fédérale
2009-06-10,2052.297,Réserve Fédérale
2009-06-17,2072.527,Réserve Fédérale
2009-06-24,2025.571,Réserve Fédérale
2009-07-01,2005.627,Réserve Fédérale
2009-07-08,1992.74,Réserve Fédérale
2009-07-15,2072.451,Réserve Fédérale
2009-07-22,2039.001,Réserve Fédérale
2009-07-29,2000.547,Réserve Fédérale
2009-08-05,1989.203,Réserve Fédérale
2009-08-12,2014.899,Réserve Fédérale
2009-08-19,2060.641,Réserve Fédérale
2009-08-26,2074.902,Réserve Fédérale
2009-09-02,2083.72,Réserve Fédérale
2009-09-09,2087.946,Réserve Fédérale
2009-09-16,2139.783,Réserve Fédérale
2009-09-23,2158.631,Réserve Fédérale
2009-09-30,2141.02,Réserve Fédérale
2009-10-07,2138.086,Réserve Fédérale
2009-10-14,2192.787,Réserve Fédérale
2009-10-21,2201.119,Réserve Fédérale
2009-10-28,2161.537,Réserve Fédérale
2009-11-04,2165.067,Réserve Fédérale
2009-11-11,2135.035,Réserve Fédérale
2009-11-18,2208.721,Réserve Fédérale
2009-11-25,2206.359,Réserve Fédérale
2009-12-02,2204.074,Réserve Fédérale
2009-12-09,2186.383,Réserve Fédérale
2009-12-16,2235.763,Réserve Fédérale
2009-12-23,2235.803,Réserve Fédérale
2009-12-30,2234.067,Réserve Fédérale
2010-01-06,2235.304,Réserve Fédérale
2010-01-13,2291.7,Réserve Fédérale
2010-01-20,2251.806,Réserve Fédérale
2010-01-27,2246.886,Réserve Fédérale
2010-02-03,2249.319,Réserve Fédérale
2010-02-10,2256.679,Réserve Fédérale
2010-02-17,2277.574,Réserve Fédérale
2010-02-24,2286.127,Réserve Fédérale
2010-03-03,2280.147,Réserve Fédérale
2010-03-10,2282.474,Réserve Fédérale
2010-03-17,2307.997,Réserve Fédérale
2010-03-24,2313.149,Réserve Fédérale
2010-03-31,2307.15,Réserve Fédérale
2010-04-07,2307.575,Réserve Fédérale
2010-04-14,2339.345,Réserve Fédérale
2010-04-21,2337.556,Réserve Fédérale
2010-04-28,2330.472,Réserve Fédérale
2010-05-05,2326.164,Réserve Fédérale
2010-05-12,2336.103,Réserve Fédérale
2010-05-19,2350.89,Réserve Fédérale
2010-05-26,2334.041,Réserve Fédérale
2010-06-02,2336.216,Réserve Fédérale
2010-06-09,2331.529,Réserve Fédérale
2010-06-16,2344.316,Réserve Fédérale
2010-06-23,2344.497,Réserve Fédérale
2010-06-30,2330.851,Réserve Fédérale
2010-07-07,2332.017,Réserve Fédérale
2010-07-14,2340.717,Réserve Fédérale
2010-07-21,2332.322,Réserve Fédérale
2010-07-28,2325.298,Réserve Fédérale
2010-08-04,2326.479,Réserve Fédérale
2010-08-11,2327.533,Réserve Fédérale
2010-08-18,2313.662,Réserve Fédérale
2010-08-25,2301.015,Réserve Fédérale
2010-09-01,2301.996,Réserve Fédérale
2010-09-08,2305.802,Réserve Fédérale
2010-09-15,2296.079,Réserve Fédérale
2010-09-22,2307.171,Réserve Fédérale
2010-09-29,2298.691,Réserve Fédérale
2010-10-06,2308.092,Réserve Fédérale
2010-10-13,2309.885,Réserve Fédérale
2010-10-20,2305.227,Réserve Fédérale
2010-10-27,2295.392,Réserve Fédérale
2010-11-03,2300.353,Réserve Fédérale
2010-11-10,2312.768,Réserve Fédérale
2010-11-17,2314.757,Réserve Fédérale
2010-11-24,2346.001,Réserve Fédérale
2010-12-01,2346.92,Réserve Fédérale
2010-12-08,2382.294,Réserve Fédérale
2010-12-15,2385.754,Réserve Fédérale
2010-12-22,2427.921,Réserve Fédérale
2010-12-29,2420.57,Réserve Fédérale
2011-01-05,2436.064,Réserve Fédérale
2011-01-12,2468.131,Réserve Fédérale
2011-01-19,2425.164,Réserve Fédérale
2011-01-26,2443.527,Réserve Fédérale
2011-02-02,2469.419,Réserve Fédérale
2011-02-09,2500.481,Réserve Fédérale
2011-02-16,2508.868,Réserve Fédérale
2011-02-23,2533.221,Réserve Fédérale
2011-03-02,2545.119,Réserve Fédérale
2011-03-09,2577.076,Réserve Fédérale
2011-03-16,2583.046,Réserve Fédérale
2011-03-23,2601.341,Réserve Fédérale
2011-03-30,2622.523,Réserve Fédérale
2011-04-06,2648.676,Réserve Fédérale
2011-04-13,2665.408,Réserve Fédérale
2011-04-20,2685.782,Réserve Fédérale
2011-04-27,2690.985,Réserve Fédérale
2011-05-04,2718.757,Réserve Fédérale
2011-05-11,2744.498,Réserve Fédérale
2011-05-18,2758.009,Réserve Fédérale
2011-05-25,2774.996,Réserve Fédérale
2011-06-01,2788.723,Réserve Fédérale
2011-06-08,2811.206,Réserve Fédérale
2011-06-15,2827.549,Réserve Fédérale
2011-06-22,2856.403,Réserve Fédérale
2011-06-29,2865.251,Réserve Fédérale
2011-07-06,2870.103,Réserve Fédérale
2011-07-13,2878.074,Réserve Fédérale
2011-07-20,2871.301,Réserve Fédérale
2011-07-27,2863.576,Réserve Fédérale
2011-08-03,2867.215,Réserve Fédérale
2011-08-10,2872.423,Réserve Fédérale
2011-08-17,2857.906,Réserve Fédérale
2011-08-24,2859.433,Réserve Fédérale
2011-08-31,2853.888,Réserve Fédérale
2011-09-07,2858.66,Réserve Fédérale
2011-09-14,2863.54,Réserve Fédérale
2011-09-21,2857.747,Réserve Fédérale
2011-09-28,2850.921,Réserve Fédérale
2011-10-05,2859.701,Réserve Fédérale
2011-10-12,2860.822,Réserve Fédérale
2011-10-19,2852.39,Réserve Fédérale
2011-10-26,2845.685,Réserve Fédérale
2011-11-02,2822.034,Réserve Fédérale
2011-11-09,2839.786,Réserve Fédérale
2011-11-16,2831.576,Réserve Fédérale
2011-11-23,2821.98,Réserve Fédérale
2011-11-30,2814.235,Réserve Fédérale
2011-12-07,2820.691,Réserve Fédérale
2011-12-14,2902.488,Réserve Fédérale
2011-12-21,2916.085,Réserve Fédérale
2011-12-28,2926.095,Réserve Fédérale
2012-01-04,2917.689,Réserve Fédérale
2012-01-11,2899.149,Réserve Fédérale
2012-01-18,2919.423,Réserve Fédérale
2012-01-25,2919.545,Réserve Fédérale
2012-02-01,2924.947,Réserve Fédérale
2012-02-08,2928.275,Réserve Fédérale
2012-02-15,2937.893,Réserve Fédérale
2012-02-22,2932.813,Réserve Fédérale
2012-02-29,2925.722,Réserve Fédérale
2012-03-07,2884.747,Réserve Fédérale
2012-03-14,2893.56,Réserve Fédérale
2012-03-21,2892.646,Réserve Fédérale
2012-03-28,2878.137,Réserve Fédérale
2012-04-04,2865.478,Réserve Fédérale
2012-04-11,2867.2,Réserve Fédérale
2012-04-18,2875.47,Réserve Fédérale
2012-04-25,2866.561,Réserve Fédérale
2012-05-02,2864.28,Réserve Fédérale
2012-05-09,2864.15,Réserve Fédérale
2012-05-16,2850.984,Réserve Fédérale
2012-05-23,2859.495,Réserve Fédérale
2012-05-30,2842.654,Réserve Fédérale
2012-06-06,2852.018,Réserve Fédérale
2012-06-13,2869.071,Réserve Fédérale
2012-06-20,2870.846,Réserve Fédérale
2012-06-27,2863.547,Réserve Fédérale
2012-07-04,2865.858,Réserve Fédérale
2012-07-11,2866.279,Réserve Fédérale
2012-07-18,2855.807,Réserve Fédérale
2012-07-25,2846.757,Réserve Fédérale
2012-08-01,2851.118,Réserve Fédérale
2012-08-08,2856.181,Réserve Fédérale
2012-08-15,2833.317,Réserve Fédérale
2012-08-22,2825.661,Réserve Fédérale
2012-08-29,2812.806,Réserve Fédérale
2012-09-05,2822.169,Réserve Fédérale
2012-09-12,2823.448,Réserve Fédérale
2012-09-19,2821.574,Réserve Fédérale
2012-09-26,2804.457,Réserve Fédérale
2012-10-03,2808.512,Réserve Fédérale
2012-10-10,2811.623,Réserve Fédérale
2012-10-17,2846.92,Réserve Fédérale
2012-10-24,2840.964,Réserve Fédérale
2012-10-31,2823.137,Réserve Fédérale
2012-11-07,2830.791,Réserve Fédérale
2012-11-14,2877.244,Réserve Fédérale
2012-11-21,2871.161,Réserve Fédérale
2012-11-28,2851.362,Réserve Fédérale
2012-12-05,2859.807,Réserve Fédérale
2012-12-12,2917.26,Réserve Fédérale
2012-12-19,2920.231,Réserve Fédérale
2012-12-26,2907.3,Réserve Fédérale
2013-01-02,2917.189,Réserve Fédérale
2013-01-09,2928.728,Réserve Fédérale
2013-01-16,2963.812,Réserve Fédérale
2013-01-23,3011.697,Réserve Fédérale
2013-01-30,3008.704,Réserve Fédérale
2013-02-06,3014.975,Réserve Fédérale
2013-02-13,3074.225,Réserve Fédérale
2013-02-20,3095.15,Réserve Fédérale
2013-02-27,3090.6,Réserve Fédérale
2013-03-06,3108.805,Réserve Fédérale
2013-03-13,3165.396,Réserve Fédérale
2013-03-20,3206.888,Réserve Fédérale
2013-03-27,3202.256,Réserve Fédérale
2013-04-03,3215.432,Réserve Fédérale
2013-04-10,3227.762,Réserve Fédérale
2013-04-17,3295.109,Réserve Fédérale
2013-04-24,3318.649,Réserve Fédérale
2013-05-01,3317.194,Réserve Fédérale
2013-05-08,3324.615,Réserve Fédérale
2013-05-15,3354.269,Réserve Fédérale
2013-05-22,3398.713,Réserve Fédérale
2013-05-29,3385.128,Réserve Fédérale
2013-06-05,3400.183,Réserve Fédérale
2013-06-12,3410.842,Réserve Fédérale
2013-06-19,3470.53,Réserve Fédérale
2013-06-26,3478.672,Réserve Fédérale
2013-07-03,3492.742,Réserve Fédérale
2013-07-10,3504.095,Réserve Fédérale
2013-07-17,3537.861,Réserve Fédérale
2013-07-24,3574.574,Réserve Fédérale
2013-07-31,3571.797,Réserve Fédérale
2013-08-07,3585.359,Réserve Fédérale
2013-08-14,3646.323,Réserve Fédérale
2013-08-21,3645.668,Réserve Fédérale
2013-08-28,3644.456,Réserve Fédérale
2013-09-04,3654.182,Réserve Fédérale
2013-09-11,3662.035,Réserve Fédérale
2013-09-18,3722.192,Réserve Fédérale
2013-09-25,3734.018,Réserve Fédérale
2013-10-02,3747.387,Réserve Fédérale
2013-10-09,3758.663,Réserve Fédérale
2013-10-16,3813.599,Réserve Fédérale
2013-10-23,3839.033,Réserve Fédérale
2013-10-30,3843.396,Réserve Fédérale
2013-11-06,3851.623,Réserve Fédérale
2013-11-13,3907.424,Réserve Fédérale
2013-11-20,3906.62,Réserve Fédérale
2013-11-27,3925.876,Réserve Fédérale
2013-12-04,3932.626,Réserve Fédérale
2013-12-11,3993.955,Réserve Fédérale
2013-12-18,4008.062,Réserve Fédérale
2013-12-25,4032.575,Réserve Fédérale
2014-01-01,4023.64,Réserve Fédérale
2014-01-08,4028.185,Réserve Fédérale
2014-01-15,4071.528,Réserve Fédérale
2014-01-22,4097.914,Réserve Fédérale
2014-01-29,4102.138,Réserve Fédérale
2014-02-05,4109.285,Réserve Fédérale
2014-02-12,4119.474,Réserve Fédérale
2014-02-19,4149.224,Réserve Fédérale
2014-02-26,4159.972,Réserve Fédérale
2014-03-05,4171.762,Réserve Fédérale
2014-03-12,4181.361,Réserve Fédérale
2014-03-19,4222.081,Réserve Fédérale
2014-03-26,4226.971,Réserve Fédérale
2014-04-02,4236.441,Réserve Fédérale
2014-04-09,4244.188,Réserve Fédérale
2014-04-16,4283.967,Réserve Fédérale
2014-04-23,4296.339,Réserve Fédérale
2014-04-30,4296.049,Réserve Fédérale
2014-05-07,4303.143,Réserve Fédérale
2014-05-14,4336.649,Réserve Fédérale
2014-05-21,4327.56,Réserve Fédérale
2014-05-28,4322.654,Réserve Fédérale
2014-06-04,4330.917,Réserve Fédérale
2014-06-11,4340.904,Réserve Fédérale
2014-06-18,4368.168,Réserve Fédérale
2014-06-25,4368.348,Réserve Fédérale
2014-07-02,4377.031,Réserve Fédérale
2014-07-09,4383.401,Réserve Fédérale
2014-07-16,4398.201,Réserve Fédérale
2014-07-23,4410.746,Réserve Fédérale
2014-07-30,4406.637,Réserve Fédérale
2014-08-06,4410.111,Réserve Fédérale
2014-08-13,4431.923,Réserve Fédérale
2014-08-20,4412.924,Réserve Fédérale
2014-08-27,4413.736,Réserve Fédérale
2014-09-03,4415.587,Réserve Fédérale
2014-09-10,4421.408,Réserve Fédérale
2014-09-17,4449.588,Réserve Fédérale
2014-09-24,4459.05,Réserve Fédérale
2014-10-01,4450.26,Réserve Fédérale
2014-10-08,4455.403,Réserve Fédérale
2014-10-15,4474.36,Réserve Fédérale
2014-10-22,4481.616,Réserve Fédérale
2014-10-29,4486.754,Réserve Fédérale
2014-11-05,4486.585,Réserve Fédérale
2014-11-12,4488.895,Réserve Fédérale
2014-11-19,4492.759,Réserve Fédérale
2014-11-26,4485.931,Réserve Fédérale
2014-12-03,4486.19,Réserve Fédérale
2014-12-10,4488.865,Réserve Fédérale
2014-12-17,4502.247,Réserve Fédérale
2014-12-24,4509.462,Réserve Fédérale
2014-12-31,4497.66,Réserve Fédérale
2015-01-07,4499.524,Réserve Fédérale
2015-01-14,4516.077,Réserve Fédérale
2015-01-21,4512.936,Réserve Fédérale
2015-01-28,4500.064,Réserve Fédérale
2015-02-04,4500.348,Réserve Fédérale
2015-02-11,4501.685,Réserve Fédérale
2015-02-18,4496.851,Réserve Fédérale
2015-02-25,4486.725,Réserve Fédérale
2015-03-04,4487.583,Réserve Fédérale
2015-03-11,4489.279,Réserve Fédérale
2015-03-18,4495.888,Réserve Fédérale
2015-03-25,4480.603,Réserve Fédérale
2015-04-01,4481.799,Réserve Fédérale
2015-04-08,4483.419,Réserve Fédérale
2015-04-15,4485.366,Réserve Fédérale
2015-04-22,4489.695,Réserve Fédérale
2015-04-29,4471.499,Réserve Fédérale
2015-05-06,4472.703,Réserve Fédérale
2015-05-13,4501.188,Réserve Fédérale
2015-05-20,4480.384,Réserve Fédérale
2015-05-27,4463.981,Réserve Fédérale
2015-06-03,4465.36,Réserve Fédérale
2015-06-10,4468.005,Réserve Fédérale
2015-06-17,4487.817,Réserve Fédérale
2015-06-24,4495.055,Réserve Fédérale
2015-07-01,4479.13,Réserve Fédérale
2015-07-08,4481.289,Réserve Fédérale
2015-07-15,4493.605,Réserve Fédérale
2015-07-22,4500.503,Réserve Fédérale
2015-07-29,4485.48,Réserve Fédérale
2015-08-05,4486.329,Réserve Fédérale
2015-08-12,4489.25,Réserve Fédérale
2015-08-19,4487.208,Réserve Fédérale
2015-08-26,4475.105,Réserve Fédérale
2015-09-02,4475.886,Réserve Fédérale
2015-09-09,4478.213,Réserve Fédérale
2015-09-16,4487.809,Réserve Fédérale
2015-09-23,4497.484,Réserve Fédérale
2015-09-30,4484.111,Réserve Fédérale
2015-10-07,4486.185,Réserve Fédérale
2015-10-14,4504.704,Réserve Fédérale
2015-10-21,4501.372,Réserve Fédérale
2015-10-28,4489.339,Réserve Fédérale
2015-11-04,4489.702,Réserve Fédérale
2015-11-11,4492.012,Réserve Fédérale
2015-11-18,4486.721,Réserve Fédérale
2015-11-25,4477.088,Réserve Fédérale
2015-12-02,4478.069,Réserve Fédérale
2015-12-09,4480.436,Réserve Fédérale
2015-12-16,4489.593,Réserve Fédérale
2015-12-23,4496.523,Réserve Fédérale
2015-12-30,4486.587,Réserve Fédérale
2016-01-06,4486.606,Réserve Fédérale
2016-01-13,4501.695,Réserve Fédérale
2016-01-20,4488.84,Réserve Fédérale
2016-01-27,4482.349,Réserve Fédérale
2016-02-03,4483.495,Réserve Fédérale
2016-02-10,4486.278,Réserve Fédérale
2016-02-17,4483.629,Réserve Fédérale
2016-02-24,4489.796,Réserve Fédérale
2016-03-02,4478.485,Réserve Fédérale
2016-03-09,4481.083,Réserve Fédérale
2016-03-16,4486.333,Réserve Fédérale
2016-03-23,4492.857,Réserve Fédérale
2016-03-30,4482.84,Réserve Fédérale
2016-04-06,4484.069,Réserve Fédérale
2016-04-13,4499.729,Réserve Fédérale
2016-04-20,4490.131,Réserve Fédérale
2016-04-27,4474.665,Réserve Fédérale
2016-05-04,4477.27,Réserve Fédérale
2016-05-11,4478.411,Réserve Fédérale
2016-05-18,4473.741,Réserve Fédérale
2016-05-25,4461.111,Réserve Fédérale
2016-06-01,4461.393,Réserve Fédérale
2016-06-08,4463.542,Réserve Fédérale
2016-06-15,4472.817,Réserve Fédérale
2016-06-22,4482.009,Réserve Fédérale
2016-06-29,4466.482,Réserve Fédérale
2016-07-06,4470.605,Réserve Fédérale
2016-07-13,4472.202,Réserve Fédérale
2016-07-20,4480.973,Réserve Fédérale
2016-07-27,4464.498,Réserve Fédérale
2016-08-03,4466.793,Réserve Fédérale
2016-08-10,4468.929,Réserve Fédérale
2016-08-17,4466.476,Réserve Fédérale
2016-08-24,4473.84,Réserve Fédérale
2016-08-31,4457.907,Réserve Fédérale
2016-09-07,4459.394,Réserve Fédérale
2016-09-14,4481.635,Réserve Fédérale
2016-09-21,4473.032,Réserve Fédérale
2016-09-28,4452.002,Réserve Fédérale
2016-10-05,4459.407,Réserve Fédérale
2016-10-12,4457.698,Réserve Fédérale
2016-10-19,4467.382,Réserve Fédérale
2016-10-26,4454.326,Réserve Fédérale
2016-11-02,4453.087,Réserve Fédérale
2016-11-09,4455.087,Réserve Fédérale
2016-11-16,4453.633,Réserve Fédérale
2016-11-23,4465.782,Réserve Fédérale
2016-11-30,4446.307,Réserve Fédérale
2016-12-07,4448.618,Réserve Fédérale
2016-12-14,4470.973,Réserve Fédérale
2016-12-21,4469.089,Réserve Fédérale
2016-12-28,4451.451,Réserve Fédérale
2017-01-04,4453.101,Réserve Fédérale
2017-01-11,4452.509,Réserve Fédérale
2017-01-18,4460.758,Réserve Fédérale
2017-01-25,4452.838,Réserve Fédérale
2017-02-01,4453.881,Réserve Fédérale
2017-02-08,4456.236,Réserve Fédérale
2017-02-15,4454.676,Réserve Fédérale
2017-02-22,4468.702,Réserve Fédérale
2017-03-01,4458.018,Réserve Fédérale
2017-03-08,4459.84,Réserve Fédérale
2017-03-15,4469.577,Réserve Fédérale
2017-03-22,4478.236,Réserve Fédérale
2017-03-29,4469.618,Réserve Fédérale
2017-04-05,4474.634,Réserve Fédérale
2017-04-12,4484.492,Réserve Fédérale
2017-04-19,4479.27,Réserve Fédérale
2017-04-26,4470.142,Réserve Fédérale
2017-05-03,4471.246,Réserve Fédérale
2017-05-10,4473.459,Réserve Fédérale
2017-05-17,4467.108,Réserve Fédérale
2017-05-24,4470.852,Réserve Fédérale
2017-05-31,4459.914,Réserve Fédérale
2017-06-07,4462.443,Réserve Fédérale
2017-06-14,4476.269,Réserve Fédérale
2017-06-21,4474.257,Réserve Fédérale
2017-06-28,4463.347,Réserve Fédérale
2017-07-05,4467.272,Réserve Fédérale
2017-07-12,4466.702,Réserve Fédérale
2017-07-19,4476.903,Réserve Fédérale
2017-07-26,4465.284,Réserve Fédérale
2017-08-02,4466.846,Réserve Fédérale
2017-08-09,4469.083,Réserve Fédérale
2017-08-16,4462.871,Réserve Fédérale
2017-08-23,4463.837,Réserve Fédérale
2017-08-30,4452.36,Réserve Fédérale
2017-09-06,4453.474,Réserve Fédérale
2017-09-13,4471.174,Réserve Fédérale
2017-09-20,4458.576,Réserve Fédérale
2017-09-27,4455.661,Réserve Fédérale
2017-10-04,4460.422,Réserve Fédérale
2017-10-11,4459.415,Réserve Fédérale
2017-10-18,4469.723,Réserve Fédérale
2017-10-25,4461.117,Réserve Fédérale
2017-11-01,4455.887,Réserve Fédérale
2017-11-08,4458.552,Réserve Fédérale
2017-11-15,4448.289,Réserve Fédérale
2017-11-22,4450.615,Réserve Fédérale
2017-11-29,4438.592,Réserve Fédérale
2017-12-06,4437.148,Réserve Fédérale
2017-12-13,4452.726,Réserve Fédérale
2017-12-20,4447.47,Réserve Fédérale
2017-12-27,4448.68,Réserve Fédérale
2018-01-03,4443.718,Réserve Fédérale
2018-01-10,4446.062,Réserve Fédérale
2018-01-17,4439.145,Réserve Fédérale
2018-01-24,4441.317,Réserve Fédérale
2018-01-31,4419.225,Réserve Fédérale
2018-02-07,4420.745,Réserve Fédérale
2018-02-14,4434.863,Réserve Fédérale
2018-02-21,4411.66,Réserve Fédérale
2018-02-28,4393.401,Réserve Fédérale
2018-03-07,4396.097,Réserve Fédérale
2018-03-14,4407.258,Réserve Fédérale
2018-03-21,4401.222,Réserve Fédérale
2018-03-28,4392.198,Réserve Fédérale
2018-04-04,4386.104,Réserve Fédérale
2018-04-11,4383.684,Réserve Fédérale
2018-04-18,4385.903,Réserve Fédérale
2018-04-25,4372.886,Réserve Fédérale
2018-05-02,4356.129,Réserve Fédérale
2018-05-09,4358.207,Réserve Fédérale
2018-05-16,4337.609,Réserve Fédérale
2018-05-23,4337.301,Réserve Fédérale
2018-05-30,4327.519,Réserve Fédérale
2018-06-06,4319.191,Réserve Fédérale
2018-06-13,4324.906,Réserve Fédérale
2018-06-20,4315.896,Réserve Fédérale
2018-06-27,4305.491,Réserve Fédérale
2018-07-04,4289.764,Réserve Fédérale
2018-07-11,4291.201,Réserve Fédérale
2018-07-18,4291.615,Réserve Fédérale
2018-07-25,4277.681,Réserve Fédérale
2018-08-01,4255.653,Réserve Fédérale
2018-08-08,4258.03,Réserve Fédérale
2018-08-15,4228.924,Réserve Fédérale
2018-08-22,4228.818,Réserve Fédérale
2018-08-29,4218.914,Réserve Fédérale
2018-09-05,4208.496,Réserve Fédérale
2018-09-12,4210.812,Réserve Fédérale
2018-09-19,4208.059,Réserve Fédérale
2018-09-26,4192.909,Réserve Fédérale
2018-10-03,4174.704,Réserve Fédérale
2018-10-10,4176.906,Réserve Fédérale
2018-10-17,4175.446,Réserve Fédérale
2018-10-24,4173.07,Réserve Fédérale
2018-10-31,4139.731,Réserve Fédérale
2018-11-07,4141.936,Réserve Fédérale
2018-11-14,4145.892,Réserve Fédérale
2018-11-21,4106.198,Réserve Fédérale
2018-11-28,4097.17,Réserve Fédérale
2018-12-05,4086.044,Réserve Fédérale
2018-12-12,4088.314,Réserve Fédérale
2018-12-19,4084.274,Réserve Fédérale
2018-12-26,4075.636,Réserve Fédérale
2019-01-02,4058.378,Réserve Fédérale
2019-01-09,4056.563,Réserve Fédérale
2019-01-16,4050.044,Réserve Fédérale
2019-01-23,4047.052,Réserve Fédérale
2019-01-30,4039.678,Réserve Fédérale
2019-02-06,4026.35,Réserve Fédérale
2019-02-13,4028.431,Réserve Fédérale
2019-02-20,3981.42,Réserve Fédérale
2019-02-27,3974.59,Réserve Fédérale
2019-03-06,3969.134,Réserve Fédérale
2019-03-13,3971.559,Réserve Fédérale
2019-03-20,3962.748,Réserve Fédérale
2019-03-27,3955.617,Réserve Fédérale
2019-04-03,3935.509,Réserve Fédérale
2019-04-10,3936.784,Réserve Fédérale
2019-04-17,3931.827,Réserve Fédérale
2019-04-24,3928.273,Réserve Fédérale
2019-05-01,3889.691,Réserve Fédérale
2019-05-08,3892.216,Réserve Fédérale
2019-05-15,3864.749,Réserve Fédérale
2019-05-22,3860.435,Réserve Fédérale
2019-05-29,3851.444,Réserve Fédérale
2019-06-05,3847.645,Réserve Fédérale
2019-06-12,3849.955,Réserve Fédérale
2019-06-19,3844.016,Réserve Fédérale
2019-06-26,3826.817,Réserve Fédérale
2019-07-03,3813.198,Réserve Fédérale
2019-07-10,3815.038,Réserve Fédérale
2019-07-17,3808.11,Réserve Fédérale
2019-07-24,3803.436,Réserve Fédérale
2019-07-31,3779.102,Réserve Fédérale
2019-08-07,3781.543,Réserve Fédérale
2019-08-14,3786.018,Réserve Fédérale
2019-08-21,3764.866,Réserve Fédérale
2019-08-28,3759.946,Réserve Fédérale
2019-09-04,3761.508,Réserve Fédérale
2019-09-11,3769.673,Réserve Fédérale
2019-09-18,3844.695,Réserve Fédérale
2019-09-25,3857.715,Réserve Fédérale
2019-10-02,3945.831,Réserve Fédérale
2019-10-09,3949.955,Réserve Fédérale
2019-10-16,3966.471,Réserve Fédérale
2019-10-23,3968.7,Réserve Fédérale
2019-10-30,4019.823,Réserve Fédérale
2019-11-06,4039.443,Réserve Fédérale
2019-11-13,4047.882,Réserve Fédérale
2019-11-20,4030.249,Réserve Fédérale
2019-11-27,4052.875,Réserve Fédérale
2019-12-04,4065.696,Réserve Fédérale
2019-12-11,4095.491,Réserve Fédérale
2019-12-18,4137.052,Réserve Fédérale
2019-12-25,4165.591,Réserve Fédérale
2020-01-01,4173.626,Réserve Fédérale
2020-01-08,4149.544,Réserve Fédérale
2020-01-15,4175.85,Réserve Fédérale
2020-01-22,4145.912,Réserve Fédérale
2020-01-29,4151.63,Réserve Fédérale
2020-02-05,4166.707,Réserve Fédérale
2020-02-12,4182.689,Réserve Fédérale
2020-02-19,4171.57,Réserve Fédérale
2020-02-26,4158.637,Réserve Fédérale
2020-03-04,4241.507,Réserve Fédérale
2020-03-11,4311.911,Réserve Fédérale
2020-03-18,4668.212,Réserve Fédérale
2020-03-25,5254.278,Réserve Fédérale
2020-04-01,5811.607,Réserve Fédérale
2020-04-08,6083.141,Réserve Fédérale
2020-04-15,6367.887,Réserve Fédérale
2020-04-22,6573.136,Réserve Fédérale
2020-04-29,6655.929,Réserve Fédérale
2020-05-06,6721.42,Réserve Fédérale
2020-05-13,6934.227,Réserve Fédérale
2020-05-20,7037.258,Réserve Fédérale
2020-05-27,7097.316,Réserve Fédérale
2020-06-03,7165.217,Réserve Fédérale
2020-06-10,7168.936,Réserve Fédérale
2020-06-17,7094.69,Réserve Fédérale
2020-06-24,7082.302,Réserve Fédérale
2020-07-01,7009.04,Réserve Fédérale
2020-07-08,6920.716,Réserve Fédérale
2020-07-15,6958.604,Réserve Fédérale
2020-07-22,6964.755,Réserve Fédérale
2020-07-29,6949.032,Réserve Fédérale
2020-08-05,6945.237,Réserve Fédérale
2020-08-12,6957.277,Réserve Fédérale
2020-08-19,7010.637,Réserve Fédérale
2020-08-26,6990.418,Réserve Fédérale
2020-09-02,7017.492,Réserve Fédérale
2020-09-09,7010.614,Réserve Fédérale
2020-09-16,7064.475,Réserve Fédérale
2020-09-23,7093.161,Réserve Fédérale
2020-09-30,7056.129,Réserve Fédérale
2020-10-07,7074.649,Réserve Fédérale
2020-10-14,7151.426,Réserve Fédérale
2020-10-21,7177.265,Réserve Fédérale
2020-10-28,7146.306,Réserve Fédérale
2020-11-04,7157.479,Réserve Fédérale
2020-11-11,7175.417,Réserve Fédérale
2020-11-18,7243.08,Réserve Fédérale
2020-11-25,7216.48,Réserve Fédérale
2020-12-02,7222.414,Réserve Fédérale
2020-12-09,7242.658,Réserve Fédérale
2020-12-16,7362.592,Réserve Fédérale
2020-12-23,7404.039,Réserve Fédérale
2020-12-30,7363.351,Réserve Fédérale
2021-01-06,7334.809,Réserve Fédérale
2021-01-13,7333.968,Réserve Fédérale
2021-01-20,7414.942,Réserve Fédérale
2021-01-27,7404.926,Réserve Fédérale
2021-02-03,7410.598,Réserve Fédérale
2021-02-10,7442.225,Réserve Fédérale
2021-02-17,7557.402,Réserve Fédérale
2021-02-24,7590.111,Réserve Fédérale
2021-03-03,7557.524,Réserve Fédérale
2021-03-10,7579.901,Réserve Fédérale
2021-03-17,7693.506,Réserve Fédérale
2021-03-24,7719.622,Réserve Fédérale
2021-03-31,7688.988,Réserve Fédérale
2021-04-07,7708.882,Réserve Fédérale
2021-04-14,7793.104,Réserve Fédérale
2021-04-21,7820.948,Réserve Fédérale
2021-04-28,7780.962,Réserve Fédérale
2021-05-05,7810.486,Réserve Fédérale
2021-05-12,7830.663,Réserve Fédérale
2021-05-19,7922.883,Réserve Fédérale
2021-05-26,7903.541,Réserve Fédérale
2021-06-02,7935.703,Réserve Fédérale
2021-06-09,7952.327,Réserve Fédérale
2021-06-16,8064.257,Réserve Fédérale
2021-06-23,8101.945,Réserve Fédérale
2021-06-30,8078.544,Réserve Fédérale
2021-07-07,8097.773,Réserve Fédérale
2021-07-14,8201.651,Réserve Fédérale
2021-07-21,8240.53,Réserve Fédérale
2021-07-28,8221.473,Réserve Fédérale
2021-08-04,8235.073,Réserve Fédérale
2021-08-11,8257.159,Réserve Fédérale
2021-08-18,8342.598,Réserve Fédérale
2021-08-25,8332.743,Réserve Fédérale
2021-09-01,8349.173,Réserve Fédérale
2021-09-08,8357.314,Réserve Fédérale
2021-09-15,8448.77,Réserve Fédérale
2021-09-22,8489.824,Réserve Fédérale
2021-09-29,8447.981,Réserve Fédérale
2021-10-06,8464.032,Réserve Fédérale
2021-10-13,8480.942,Réserve Fédérale
2021-10-20,8564.943,Réserve Fédérale
2021-10-27,8556.181,Réserve Fédérale
2021-11-03,8574.871,Réserve Fédérale
2021-11-10,8663.117,Réserve Fédérale
2021-11-17,8674.97,Réserve Fédérale
2021-11-24,8681.771,Réserve Fédérale
2021-12-01,8650.402,Réserve Fédérale
2021-12-08,8664.524,Réserve Fédérale
2021-12-15,8756.666,Réserve Fédérale
2021-12-22,8790.495,Réserve Fédérale
2021-12-29,8757.46,Réserve Fédérale
2022-01-05,8765.721,Réserve Fédérale
2022-01-12,8788.278,Réserve Fédérale
2022-01-19,8867.834,Réserve Fédérale
2022-01-26,8860.485,Réserve Fédérale
2022-02-02,8873.211,Réserve Fédérale
2022-02-09,8878.009,Réserve Fédérale
2022-02-16,8911.033,Réserve Fédérale
2022-02-23,8928.129,Réserve Fédérale
2022-03-02,8904.455,Réserve Fédérale
2022-03-09,8910.748,Réserve Fédérale
2022-03-16,8954.306,Réserve Fédérale
2022-03-23,8962.474,Réserve Fédérale
2022-03-30,8937.142,Réserve Fédérale
2022-04-06,8937.592,Réserve Fédérale
2022-04-13,8965.487,Réserve Fédérale
2022-04-20,8955.851,Réserve Fédérale
2022-04-27,8939.199,Réserve Fédérale
2022-05-04,8939.972,Réserve Fédérale
2022-05-11,8942.008,Réserve Fédérale
2022-05-18,8945.898,Réserve Fédérale
2022-05-25,8914.281,Réserve Fédérale
2022-06-01,8915.05,Réserve Fédérale
2022-06-08,8918.254,Réserve Fédérale
2022-06-15,8932.42,Réserve Fédérale
2022-06-22,8934.346,Réserve Fédérale
2022-06-29,8913.553,Réserve Fédérale
2022-07-06,8891.851,Réserve Fédérale
2022-07-13,8895.867,Réserve Fédérale
2022-07-20,8899.213,Réserve Fédérale
2022-07-27,8890.004,Réserve Fédérale
2022-08-03,8874.62,Réserve Fédérale
2022-08-10,8879.138,Réserve Fédérale
2022-08-17,8849.762,Réserve Fédérale
2022-08-24,8851.436,Réserve Fédérale
2022-08-31,8826.093,Réserve Fédérale
2022-09-07,8822.401,Réserve Fédérale
2022-09-14,8832.759,Réserve Fédérale
2022-09-21,8816.802,Réserve Fédérale
2022-09-28,8795.567,Réserve Fédérale
2022-10-05,8759.053,Réserve Fédérale
2022-10-12,8758.969,Réserve Fédérale
2022-10-19,8743.922,Réserve Fédérale
2022-10-26,8723.09,Réserve Fédérale
2022-11-02,8676.87,Réserve Fédérale
2022-11-09,8678.886,Réserve Fédérale
2022-11-16,8625.62,Réserve Fédérale
2022-11-23,8621.39,Réserve Fédérale
2022-11-30,8584.576,Réserve Fédérale
2022-12-07,8582.735,Réserve Fédérale
2022-12-14,8583.413,Réserve Fédérale
2022-12-21,8564.411,Réserve Fédérale
2022-12-28,8551.169,Réserve Fédérale
2023-01-04,8507.429,Réserve Fédérale
2023-01-11,8508.587,Réserve Fédérale
2023-01-18,8489.039,Réserve Fédérale
2023-01-25,8470.557,Réserve Fédérale
2023-02-01,8433.61,Réserve Fédérale
2023-02-08,8435.369,Réserve Fédérale
2023-02-15,8384.767,Réserve Fédérale
2023-02-22,8382.19,Réserve Fédérale
2023-03-01,8339.684,Réserve Fédérale
2023-03-08,8342.283,Réserve Fédérale
2023-03-15,8639.3,Réserve Fédérale
2023-03-22,8733.787,Réserve Fédérale
2023-03-29,8705.942,Réserve Fédérale
2023-04-05,8632.384,Réserve Fédérale
2023-04-12,8614.797,Réserve Fédérale
2023-04-19,8593.263,Réserve Fédérale
2023-04-26,8562.768,Réserve Fédérale
2023-05-03,8503.994,Réserve Fédérale
2023-05-10,8503.017,Réserve Fédérale
2023-05-17,8456.76,Réserve Fédérale
2023-05-24,8436.255,Réserve Fédérale
2023-05-31,8385.854,Réserve Fédérale
2023-06-07,8389.325,Réserve Fédérale
2023-06-14,8388.323,Réserve Fédérale
2023-06-21,8362.06,Réserve Fédérale
2023-06-28,8340.914,Réserve Fédérale
2023-07-05,8298.312,Réserve Fédérale
2023-07-12,8296.923,Réserve Fédérale
2023-07-19,8274.552,Réserve Fédérale
2023-07-26,8243.344,Réserve Fédérale
2023-08-02,8206.764,Réserve Fédérale
2023-08-09,8208.241,Réserve Fédérale
2023-08-16,8145.727,Réserve Fédérale
2023-08-23,8139.066,Réserve Fédérale
2023-08-30,8121.316,Réserve Fédérale
2023-09-06,8101.318,Réserve Fédérale
2023-09-13,8098.779,Réserve Fédérale
2023-09-20,8024.09,Réserve Fédérale
2023-09-27,8002.064,Réserve Fédérale
2023-10-04,7955.782,Réserve Fédérale
2023-10-11,7952.054,Réserve Fédérale
2023-10-18,7933.162,Réserve Fédérale
2023-10-25,7907.83,Réserve Fédérale
2023-11-01,7866.664,Réserve Fédérale
2023-11-08,7860.691,Réserve Fédérale
2023-11-15,7814.991,Réserve Fédérale
2023-11-22,7810.814,Réserve Fédérale
2023-11-29,7796.145,Réserve Fédérale
2023-12-06,7737.385,Réserve Fédérale
2023-12-13,7739.566,Réserve Fédérale
2023-12-20,7724.063,Réserve Fédérale
2023-12-27,7712.781,Réserve Fédérale
2024-01-03,7681.024,Réserve Fédérale
2024-01-10,7686.71,Réserve Fédérale
2024-01-17,7673.741,Réserve Fédérale
2024-01-24,7677.23,Réserve Fédérale
2024-01-31,7630.124,Réserve Fédérale
2024-02-07,7631.3,Réserve Fédérale
2024-02-14,7633.874,Réserve Fédérale
2024-02-21,7581.683,Réserve Fédérale
2024-02-28,7567.807,Réserve Fédérale
2024-03-06,7538.857,Réserve Fédérale
2024-03-13,7541.969,Réserve Fédérale
2024-03-20,7514.348,Réserve Fédérale
2024-03-27,7484.739,Réserve Fédérale
2024-04-03,7439.558,Réserve Fédérale
2024-04-10,7438.176,Réserve Fédérale
2024-04-17,7405.506,Réserve Fédérale
2024-04-24,7402.434,Réserve Fédérale
2024-05-01,7362.474,Réserve Fédérale
2024-05-08,7353.408,Réserve Fédérale
2024-05-15,7304.272,Réserve Fédérale
2024-05-22,7299.566,Réserve Fédérale
2024-05-29,7284.319,Réserve Fédérale
2024-06-05,7255.687,Réserve Fédérale
2024-06-12,7258.974,Réserve Fédérale
2024-06-19,7252.542,Réserve Fédérale
2024-06-26,7231.163,Réserve Fédérale
2024-07-03,7221.52,Réserve Fédérale
2024-07-10,7224.079,Réserve Fédérale
2024-07-17,7208.247,Réserve Fédérale
2024-07-24,7205.455,Réserve Fédérale
2024-07-31,7178.391,Réserve Fédérale
2024-08-07,7175.256,Réserve Fédérale
2024-08-14,7177.688,Réserve Fédérale
2024-08-21,7139.952,Réserve Fédérale
2024-08-28,7123.238,Réserve Fédérale
2024-09-04,7112.567,Réserve Fédérale
2024-09-11,7115.001,Réserve Fédérale
2024-09-18,7109.137,Réserve Fédérale
2024-09-25,7080.059,Réserve Fédérale
2024-10-02,7046.925,Réserve Fédérale
2024-10-09,7046.84,Réserve Fédérale
2024-10-16,7039.284,Réserve Fédérale
2024-10-23,7029.408,Réserve Fédérale
2024-10-30,7013.49,Réserve Fédérale
2024-11-06,6994.299,Réserve Fédérale
2024-11-13,6967.108,Réserve Fédérale
2024-11-20,6923.731,Réserve Fédérale
2024-11-27,6905.14,Réserve Fédérale
2024-12-04,6895.827,Réserve Fédérale
2024-12-11,6897.485,Réserve Fédérale
2024-12-18,6889.332,Réserve Fédérale
2024-12-25,6885.963,Réserve Fédérale
2025-01-01,6852.491,Réserve Fédérale
2025-01-08,6853.554,Réserve Fédérale
2025-01-15,6834.07,Réserve Fédérale
2025-01-22,6831.76,Réserve Fédérale
2025-01-29,6818.186,Réserve Fédérale
2025-02-05,6810.935,Réserve Fédérale
2025-02-12,6813.513,Réserve Fédérale
2025-02-19,6782.332,Réserve Fédérale
2025-02-26,6766.101,Réserve Fédérale
2025-03-05,6756.764,Réserve Fédérale
2025-03-12,6759.571,Réserve Fédérale
2025-03-19,6755.982,Réserve Fédérale
2025-03-26,6740.253,Réserve Fédérale
2025-04-02,6723.452,Réserve Fédérale
2025-04-09,6727.416,Réserve Fédérale
2025-04-16,6727.113,Réserve Fédérale
2025-04-23,6726.93,Réserve Fédérale
2025-04-30,6709.277,Réserve Fédérale
2025-05-07,6710.889,Réserve Fédérale
2025-05-14,6713.27,Réserve Fédérale
2025-05-21,6688.726,Réserve Fédérale
2025-05-28,6673.244,Réserve Fédérale
2025-06-04,6672.885,Réserve Fédérale
2025-06-11,6677.155,Réserve Fédérale
2025-06-18,6681.056,Réserve Fédérale
2025-06-25,6662.2,Réserve Fédérale
2025-07-02,6659.598,Réserve Fédérale
2025-07-09,6661.912,Réserve Fédérale
2025-07-16,6659.273,Réserve Fédérale
2025-07-23,6657.715,Réserve Fédérale
2025-07-30,6642.578,Réserve Fédérale
2025-08-06,6640.843,Réserve Fédérale
2003-01-03,794.992,Banque Centrale Européenne
2003-01-10,786.619,Banque Centrale Européenne
2003-01-17,773.267,Banque Centrale Européenne
2003-01-24,778.863,Banque Centrale Européenne
2003-01-31,786.73,Banque Centrale Européenne
2003-02-07,782.044,Banque Centrale Européenne
2003-02-14,775.37,Banque Centrale Européenne
2003-02-21,784.809,Banque Centrale Européenne
2003-02-28,790.649,Banque Centrale Européenne
2003-03-07,749.96,Banque Centrale Européenne
2003-03-14,838.923,Banque Centrale Européenne
2003-03-21,802.273,Banque Centrale Européenne
2003-03-28,798.674,Banque Centrale Européenne
2003-04-04,774.429,Banque Centrale Européenne
2003-04-11,770.55,Banque Centrale Européenne
2003-04-18,776.461,Banque Centrale Européenne
2003-04-25,800.643,Banque Centrale Européenne
2003-05-02,760.351,Banque Centrale Européenne
2003-05-09,765.135,Banque Centrale Européenne
2003-05-16,771.868,Banque Centrale Européenne
2003-05-23,793.894,Banque Centrale Européenne
2003-05-30,801.435,Banque Centrale Européenne
2003-06-06,777.056,Banque Centrale Européenne
2003-06-13,801.67,Banque Centrale Européenne
2003-06-20,791.707,Banque Centrale Européenne
2003-06-27,813.568,Banque Centrale Européenne
2003-07-04,802.107,Banque Centrale Européenne
2003-07-11,797.996,Banque Centrale Européenne
2003-07-18,795.274,Banque Centrale Européenne
2003-07-25,828.475,Banque Centrale Européenne
2003-08-01,802.942,Banque Centrale Européenne
2003-08-08,812.583,Banque Centrale Européenne
2003-08-15,798.392,Banque Centrale Européenne
2003-08-22,800.214,Banque Centrale Européenne
2003-08-29,814.81,Banque Centrale Européenne
2003-09-05,809.501,Banque Centrale Européenne
2003-09-12,804.358,Banque Centrale Européenne
2003-09-19,813.574,Banque Centrale Européenne
2003-09-26,829.239,Banque Centrale Européenne
2003-10-03,813.612,Banque Centrale Européenne
2003-10-10,815.927,Banque Centrale Européenne
2003-10-17,803.678,Banque Centrale Européenne
2003-10-24,812.517,Banque Centrale Européenne
2003-10-31,818.606,Banque Centrale Européenne
2003-11-07,813.549,Banque Centrale Européenne
2003-11-14,811.863,Banque Centrale Européenne
2003-11-21,827.063,Banque Centrale Européenne
2003-11-28,833.339,Banque Centrale Européenne
2003-12-05,858.338,Banque Centrale Européenne
2003-12-12,847.045,Banque Centrale Européenne
2003-12-19,848.705,Banque Centrale Européenne
2003-12-26,835.157,Banque Centrale Européenne
2004-01-02,838.321,Banque Centrale Européenne
2004-01-09,811.951,Banque Centrale Européenne
2004-01-16,812.604,Banque Centrale Européenne
2004-01-23,823.28,Banque Centrale Européenne
2004-01-30,824.392,Banque Centrale Européenne
2004-02-06,817.014,Banque Centrale Européenne
2004-02-13,813.16,Banque Centrale Européenne
2004-02-20,816.931,Banque Centrale Européenne
2004-02-27,824.024,Banque Centrale Européenne
2004-03-05,826.792,Banque Centrale Européenne
2004-03-12,819.689,Banque Centrale Européenne
2004-03-19,822.845,Banque Centrale Européenne
2004-03-26,830.349,Banque Centrale Européenne
2004-04-02,847.083,Banque Centrale Européenne
2004-04-09,848.113,Banque Centrale Européenne
2004-04-16,835.256,Banque Centrale Européenne
2004-04-23,842.718,Banque Centrale Européenne
2004-04-30,853.538,Banque Centrale Européenne
2004-05-07,846.214,Banque Centrale Européenne
2004-05-14,842.046,Banque Centrale Européenne
2004-05-21,859.992,Banque Centrale Européenne
2004-05-28,867.25,Banque Centrale Européenne
2004-06-04,870.114,Banque Centrale Européenne
2004-06-11,869.053,Banque Centrale Européenne
2004-06-18,867.795,Banque Centrale Européenne
2004-06-25,895.838,Banque Centrale Européenne
2004-07-02,882.359,Banque Centrale Européenne
2004-07-09,881.026,Banque Centrale Européenne
2004-07-16,868.84,Banque Centrale Européenne
2004-07-23,887.631,Banque Centrale Européenne
2004-07-30,883.749,Banque Centrale Européenne
2004-08-06,880.177,Banque Centrale Européenne
2004-08-13,871.636,Banque Centrale Européenne
2004-08-20,871.976,Banque Centrale Européenne
2004-08-27,881.876,Banque Centrale Européenne
2004-09-03,876.603,Banque Centrale Européenne
2004-09-10,874.61,Banque Centrale Européenne
2004-09-17,875.248,Banque Centrale Européenne
2004-09-24,885.811,Banque Centrale Européenne
2004-10-01,882.294,Banque Centrale Européenne
2004-10-08,880.574,Banque Centrale Européenne
2004-10-15,868.406,Banque Centrale Européenne
2004-10-22,875.418,Banque Centrale Européenne
2004-10-29,893.778,Banque Centrale Européenne
2004-11-05,893.246,Banque Centrale Européenne
2004-11-12,887.079,Banque Centrale Européenne
2004-11-19,893.837,Banque Centrale Européenne
2004-11-26,899.065,Banque Centrale Européenne
2004-12-03,905.475,Banque Centrale Européenne
2004-12-10,914.229,Banque Centrale Européenne
2004-12-17,909.199,Banque Centrale Européenne
2004-12-24,915.706,Banque Centrale Européenne
2004-12-31,884.233,Banque Centrale Européenne
2005-01-07,873.637,Banque Centrale Européenne
2005-01-14,881.046,Banque Centrale Européenne
2005-01-21,896.168,Banque Centrale Européenne
2005-01-28,894.782,Banque Centrale Européenne
2005-02-04,899.472,Banque Centrale Européenne
2005-02-11,897.105,Banque Centrale Européenne
2005-02-18,900.338,Banque Centrale Européenne
2005-02-25,913.849,Banque Centrale Européenne
2005-03-04,906.928,Banque Centrale Européenne
2005-03-11,905.375,Banque Centrale Européenne
2005-03-18,912.66,Banque Centrale Européenne
2005-03-25,926.434,Banque Centrale Européenne
2005-04-01,927.154,Banque Centrale Européenne
2005-04-08,927.243,Banque Centrale Européenne
2005-04-15,922.198,Banque Centrale Européenne
2005-04-22,934.543,Banque Centrale Européenne
2005-04-29,934.479,Banque Centrale Européenne
2005-05-06,927.113,Banque Centrale Européenne
2005-05-13,922.942,Banque Centrale Européenne
2005-05-20,929.804,Banque Centrale Européenne
2005-05-27,927.781,Banque Centrale Européenne
2005-06-03,940.15,Banque Centrale Européenne
2005-06-10,937.965,Banque Centrale Européenne
2005-06-17,940.839,Banque Centrale Européenne
2005-06-24,967.868,Banque Centrale Européenne
2005-07-01,988.441,Banque Centrale Européenne
2005-07-08,988.731,Banque Centrale Européenne
2005-07-15,979.453,Banque Centrale Européenne
2005-07-22,989.661,Banque Centrale Européenne
2005-07-29,996.796,Banque Centrale Européenne
2005-08-05,994.865,Banque Centrale Européenne
2005-08-12,987.757,Banque Centrale Européenne
2005-08-19,984.106,Banque Centrale Européenne
2005-08-26,992.27,Banque Centrale Européenne
2005-09-02,977,Banque Centrale Européenne
2005-09-09,978.982,Banque Centrale Européenne
2005-09-16,964.249,Banque Centrale Européenne
2005-09-23,974.18,Banque Centrale Européenne
2005-09-30,996.044,Banque Centrale Européenne
2005-10-07,990.996,Banque Centrale Européenne
2005-10-14,983.351,Banque Centrale Européenne
2005-10-21,998.552,Banque Centrale Européenne
2005-10-28,1003.504,Banque Centrale Européenne
2005-11-04,998.615,Banque Centrale Européenne
2005-11-11,998.301,Banque Centrale Européenne
2005-11-18,999.149,Banque Centrale Européenne
2005-11-25,1017.239,Banque Centrale Européenne
2005-12-02,1013.538,Banque Centrale Européenne
2005-12-09,1041.792,Banque Centrale Européenne
2005-12-16,1016.943,Banque Centrale Européenne
2005-12-23,1019.749,Banque Centrale Européenne
2005-12-30,1038.152,Banque Centrale Européenne
2006-01-06,1038.614,Banque Centrale Européenne
2006-01-13,1033.258,Banque Centrale Européenne
2006-01-20,1051.18,Banque Centrale Européenne
2006-01-27,1055.186,Banque Centrale Européenne
2006-02-03,1030.373,Banque Centrale Européenne
2006-02-10,1035.376,Banque Centrale Européenne
2006-02-17,1039.333,Banque Centrale Européenne
2006-02-24,1062.732,Banque Centrale Européenne
2006-03-03,1055.765,Banque Centrale Européenne
2006-03-10,1052.256,Banque Centrale Européenne
2006-03-17,1043.998,Banque Centrale Européenne
2006-03-24,1056.127,Banque Centrale Européenne
2006-03-31,1067.477,Banque Centrale Européenne
2006-04-07,1067.024,Banque Centrale Européenne
2006-04-14,1075.146,Banque Centrale Européenne
2006-04-21,1084.807,Banque Centrale Européenne
2006-04-28,1080.389,Banque Centrale Européenne
2006-05-05,1079.264,Banque Centrale Européenne
2006-05-12,1075.694,Banque Centrale Européenne
2006-05-19,1076.409,Banque Centrale Européenne
2006-05-26,1084.094,Banque Centrale Européenne
2006-06-02,1084.486,Banque Centrale Européenne
2006-06-09,1080.532,Banque Centrale Européenne
2006-06-16,1087.256,Banque Centrale Européenne
2006-06-23,1112.518,Banque Centrale Européenne
2006-06-30,1112.77,Banque Centrale Européenne
2006-07-07,1111.397,Banque Centrale Européenne
2006-07-14,1107.838,Banque Centrale Européenne
2006-07-21,1125.154,Banque Centrale Européenne
2006-07-28,1128.285,Banque Centrale Européenne
2006-08-04,1114.627,Banque Centrale Européenne
2006-08-11,1112.702,Banque Centrale Européenne
2006-08-18,1103.912,Banque Centrale Européenne
2006-08-25,1113.025,Banque Centrale Européenne
2006-09-01,1107.252,Banque Centrale Européenne
2006-09-08,1105.398,Banque Centrale Européenne
2006-09-15,1102.153,Banque Centrale Européenne
2006-09-22,1112.53,Banque Centrale Européenne
2006-09-29,1118.315,Banque Centrale Européenne
2006-10-06,1114.603,Banque Centrale Européenne
2006-10-13,1110.166,Banque Centrale Européenne
2006-10-20,1121.281,Banque Centrale Européenne
2006-10-27,1118.736,Banque Centrale Européenne
2006-11-03,1113.17,Banque Centrale Européenne
2006-11-10,1112.832,Banque Centrale Européenne
2006-11-17,1113.236,Banque Centrale Européenne
2006-11-24,1133.314,Banque Centrale Européenne
2006-12-01,1126.144,Banque Centrale Européenne
2006-12-08,1146.252,Banque Centrale Européenne
2006-12-15,1138.254,Banque Centrale Européenne
2006-12-22,1142.321,Banque Centrale Européenne
2006-12-29,1150.98,Banque Centrale Européenne
2007-01-05,1154.416,Banque Centrale Européenne
2007-01-12,1138.3,Banque Centrale Européenne
2007-01-19,1141.226,Banque Centrale Européenne
2007-01-26,1148.148,Banque Centrale Européenne
2007-02-02,1136.671,Banque Centrale Européenne
2007-02-09,1127.196,Banque Centrale Européenne
2007-02-16,1135.09,Banque Centrale Européenne
2007-02-23,1150.396,Banque Centrale Européenne
2007-03-02,1148.229,Banque Centrale Européenne
2007-03-09,1139.826,Banque Centrale Européenne
2007-03-16,1129.997,Banque Centrale Européenne
2007-03-23,1142.656,Banque Centrale Européenne
2007-03-30,1162.604,Banque Centrale Européenne
2007-04-06,1171.42,Banque Centrale Européenne
2007-04-13,1161.57,Banque Centrale Européenne
2007-04-20,1164.245,Banque Centrale Européenne
2007-04-27,1176.308,Banque Centrale Européenne
2007-05-04,1165.355,Banque Centrale Européenne
2007-05-11,1164.245,Banque Centrale Européenne
2007-05-18,1168.993,Banque Centrale Européenne
2007-05-25,1187.052,Banque Centrale Européenne
2007-06-01,1178.439,Banque Centrale Européenne
2007-06-08,1176.346,Banque Centrale Européenne
2007-06-15,1180.26,Banque Centrale Européenne
2007-06-22,1186.672,Banque Centrale Européenne
2007-06-29,1208.453,Banque Centrale Européenne
2007-07-06,1191.757,Banque Centrale Européenne
2007-07-13,1185.364,Banque Centrale Européenne
2007-07-20,1196.419,Banque Centrale Européenne
2007-07-27,1212.584,Banque Centrale Européenne
2007-08-03,1195.123,Banque Centrale Européenne
2007-08-10,1253.098,Banque Centrale Européenne
2007-08-17,1207.703,Banque Centrale Européenne
2007-08-24,1216.884,Banque Centrale Européenne
2007-08-31,1157.534,Banque Centrale Européenne
2007-09-07,1207.383,Banque Centrale Européenne
2007-09-14,1299.307,Banque Centrale Européenne
2007-09-21,1189.583,Banque Centrale Européenne
2007-09-28,1250.396,Banque Centrale Européenne
2007-10-05,1228.352,Banque Centrale Européenne
2007-10-12,1289.118,Banque Centrale Européenne
2007-10-19,1249.327,Banque Centrale Européenne
2007-10-26,1263.504,Banque Centrale Européenne
2007-11-02,1256.261,Banque Centrale Européenne
2007-11-09,1248.472,Banque Centrale Européenne
2007-11-16,1271.761,Banque Centrale Européenne
2007-11-23,1285.523,Banque Centrale Européenne
2007-11-30,1297.266,Banque Centrale Européenne
2007-12-07,1293.026,Banque Centrale Européenne
2007-12-14,1338.418,Banque Centrale Européenne
2007-12-21,1472.961,Banque Centrale Européenne
2007-12-28,1511.244,Banque Centrale Européenne
2008-01-04,1285.79,Banque Centrale Européenne
2008-01-11,1311.062,Banque Centrale Européenne
2008-01-18,1350.779,Banque Centrale Européenne
2008-01-25,1337.542,Banque Centrale Européenne
2008-02-01,1330.918,Banque Centrale Européenne
2008-02-08,1328.292,Banque Centrale Européenne
2008-02-15,1348.061,Banque Centrale Européenne
2008-02-22,1338.874,Banque Centrale Européenne
2008-02-29,1336.758,Banque Centrale Européenne
2008-03-07,1332.977,Banque Centrale Européenne
2008-03-14,1367.702,Banque Centrale Européenne
2008-03-21,1378.93,Banque Centrale Européenne
2008-03-28,1390.804,Banque Centrale Européenne
2008-04-04,1365.793,Banque Centrale Européenne
2008-04-11,1357.162,Banque Centrale Européenne
2008-04-18,1433.19,Banque Centrale Européenne
2008-04-25,1405.859,Banque Centrale Européenne
2008-05-02,1399.774,Banque Centrale Européenne
2008-05-09,1392.863,Banque Centrale Européenne
2008-05-16,1440.879,Banque Centrale Européenne
2008-05-23,1423.797,Banque Centrale Européenne
2008-05-30,1423.245,Banque Centrale Européenne
2008-06-06,1407.746,Banque Centrale Européenne
2008-06-13,1442.612,Banque Centrale Européenne
2008-06-20,1441.151,Banque Centrale Européenne
2008-06-27,1462.71,Banque Centrale Européenne
2008-07-04,1404.892,Banque Centrale Européenne
2008-07-11,1452.177,Banque Centrale Européenne
2008-07-18,1427.348,Banque Centrale Européenne
2008-07-25,1450.899,Banque Centrale Européenne
2008-08-01,1444.562,Banque Centrale Européenne
2008-08-08,1441.639,Banque Centrale Européenne
2008-08-15,1460.207,Banque Centrale Européenne
2008-08-22,1434.957,Banque Centrale Européenne
2008-08-29,1449.139,Banque Centrale Européenne
2008-09-05,1441.019,Banque Centrale Européenne
2008-09-12,1457.726,Banque Centrale Européenne
2008-09-19,1460.585,Banque Centrale Européenne
2008-09-26,1518.548,Banque Centrale Européenne
2008-10-03,1758.697,Banque Centrale Européenne
2008-10-10,1881.854,Banque Centrale Européenne
2008-10-17,1973.084,Banque Centrale Européenne
2008-10-24,1958.164,Banque Centrale Européenne
2008-10-31,2031.447,Banque Centrale Européenne
2008-11-07,1940.367,Banque Centrale Européenne
2008-11-14,1998.72,Banque Centrale Européenne
2008-11-21,1973.981,Banque Centrale Européenne
2008-11-28,1979.051,Banque Centrale Européenne
2008-12-05,2036.524,Banque Centrale Européenne
2008-12-12,2053.837,Banque Centrale Européenne
2008-12-19,2021.484,Banque Centrale Européenne
2008-12-26,2043.465,Banque Centrale Européenne
2009-01-02,2088.878,Banque Centrale Européenne
2009-01-09,2045.566,Banque Centrale Européenne
2009-01-16,2010.655,Banque Centrale Européenne
2009-01-23,2039.799,Banque Centrale Européenne
2009-01-30,1906.979,Banque Centrale Européenne
2009-02-06,1893.796,Banque Centrale Européenne
2009-02-13,1834.051,Banque Centrale Européenne
2009-02-20,1858.375,Banque Centrale Européenne
2009-02-27,1820.268,Banque Centrale Européenne
2009-03-06,1840.819,Banque Centrale Européenne
2009-03-13,1829.433,Banque Centrale Européenne
2009-03-20,1822.548,Banque Centrale Européenne
2009-03-27,1803.083,Banque Centrale Européenne
2009-04-03,1836.384,Banque Centrale Européenne
2009-04-10,1827.798,Banque Centrale Européenne
2009-04-17,1840.083,Banque Centrale Européenne
2009-04-24,1823.963,Banque Centrale Européenne
2009-05-01,1799.225,Banque Centrale Européenne
2009-05-08,1795.099,Banque Centrale Européenne
2009-05-15,1764.158,Banque Centrale Européenne
2009-05-22,1736.87,Banque Centrale Européenne
2009-05-29,1799.61,Banque Centrale Européenne
2009-06-05,1747.838,Banque Centrale Européenne
2009-06-12,1726.624,Banque Centrale Européenne
2009-06-19,1719.718,Banque Centrale Européenne
2009-06-26,1997.319,Banque Centrale Européenne
2009-07-03,1911.628,Banque Centrale Européenne
2009-07-10,1888.909,Banque Centrale Européenne
2009-07-17,1875.712,Banque Centrale Européenne
2009-07-24,1867.848,Banque Centrale Européenne
2009-07-31,1854.093,Banque Centrale Européenne
2009-08-07,1835.895,Banque Centrale Européenne
2009-08-14,1801.757,Banque Centrale Européenne
2009-08-21,1798.364,Banque Centrale Européenne
2009-08-28,1821.371,Banque Centrale Européenne
2009-09-04,1819.488,Banque Centrale Européenne
2009-09-11,1802.473,Banque Centrale Européenne
2009-09-18,1792.972,Banque Centrale Européenne
2009-09-25,1790.242,Banque Centrale Européenne
2009-10-02,1844.567,Banque Centrale Européenne
2009-10-09,1802.742,Banque Centrale Européenne
2009-10-16,1801.388,Banque Centrale Européenne
2009-10-23,1786.122,Banque Centrale Européenne
2009-10-30,1779,Banque Centrale Européenne
2009-11-06,1773.685,Banque Centrale Européenne
2009-11-13,1759.605,Banque Centrale Européenne
2009-11-20,1761.476,Banque Centrale Européenne
2009-11-27,1759.186,Banque Centrale Européenne
2009-12-04,1759.429,Banque Centrale Européenne
2009-12-11,1744.542,Banque Centrale Européenne
2009-12-18,1842.352,Banque Centrale Européenne
2009-12-25,1852.463,Banque Centrale Européenne
2010-01-01,1904.935,Banque Centrale Européenne
2010-01-08,1879.59,Banque Centrale Européenne
2010-01-15,1870.606,Banque Centrale Européenne
2010-01-22,1870.342,Banque Centrale Européenne
2010-01-29,1877.655,Banque Centrale Européenne
2010-02-05,1874.5,Banque Centrale Européenne
2010-02-12,1874.687,Banque Centrale Européenne
2010-02-19,1880.871,Banque Centrale Européenne
2010-02-26,1889.017,Banque Centrale Européenne
2010-03-05,1890.311,Banque Centrale Européenne
2010-03-12,1886.697,Banque Centrale Européenne
2010-03-19,1889.712,Banque Centrale Européenne
2010-03-26,1894.898,Banque Centrale Européenne
2010-04-02,1942.548,Banque Centrale Européenne
2010-04-09,1936.654,Banque Centrale Européenne
2010-04-16,1939.989,Banque Centrale Européenne
2010-04-23,1943.26,Banque Centrale Européenne
2010-04-30,1956.819,Banque Centrale Européenne
2010-05-07,1983.241,Banque Centrale Européenne
2010-05-14,2062.943,Banque Centrale Européenne
2010-05-21,2069.968,Banque Centrale Européenne
2010-05-28,2088.45,Banque Centrale Européenne
2010-06-04,2098.508,Banque Centrale Européenne
2010-06-11,2107.126,Banque Centrale Européenne
2010-06-18,2124.74,Banque Centrale Européenne
2010-06-25,2154.245,Banque Centrale Européenne
2010-07-02,2049.811,Banque Centrale Européenne
2010-07-09,2004.747,Banque Centrale Européenne
2010-07-16,1986.989,Banque Centrale Européenne
2010-07-23,1993.612,Banque Centrale Européenne
2010-07-30,2001.66,Banque Centrale Européenne
2010-08-06,1964.906,Banque Centrale Européenne
2010-08-13,1953.086,Banque Centrale Européenne
2010-08-20,1956.064,Banque Centrale Européenne
2010-08-27,1957.926,Banque Centrale Européenne
2010-09-03,1963.223,Banque Centrale Européenne
2010-09-10,1973.255,Banque Centrale Européenne
2010-09-17,1970.482,Banque Centrale Européenne
2010-09-24,1971.356,Banque Centrale Européenne
2010-10-01,1865.885,Banque Centrale Européenne
2010-10-08,1867.952,Banque Centrale Européenne
2010-10-15,1876.946,Banque Centrale Européenne
2010-10-22,1877.963,Banque Centrale Européenne
2010-10-29,1895.679,Banque Centrale Européenne
2010-11-05,1886.353,Banque Centrale Européenne
2010-11-12,1878.979,Banque Centrale Européenne
2010-11-19,1888.388,Banque Centrale Européenne
2010-11-26,1915.961,Banque Centrale Européenne
2010-12-03,1924.13,Banque Centrale Européenne
2010-12-10,1951.661,Banque Centrale Européenne
2010-12-17,1945.232,Banque Centrale Européenne
2010-12-24,1926.154,Banque Centrale Européenne
2010-12-31,2004.432,Banque Centrale Européenne
2011-01-07,1965.895,Banque Centrale Européenne
2011-01-14,1957.146,Banque Centrale Européenne
2011-01-21,1961.122,Banque Centrale Européenne
2011-01-28,1965.568,Banque Centrale Européenne
2011-02-04,2015.599,Banque Centrale Européenne
2011-02-11,1956.143,Banque Centrale Européenne
2011-02-18,1958.491,Banque Centrale Européenne
2011-02-25,1952.278,Banque Centrale Européenne
2011-03-04,1939.219,Banque Centrale Européenne
2011-03-11,1953.018,Banque Centrale Européenne
2011-03-18,1940.378,Banque Centrale Européenne
2011-03-25,1928.055,Banque Centrale Européenne
2011-04-01,1888.496,Banque Centrale Européenne
2011-04-08,1873.111,Banque Centrale Européenne
2011-04-15,1885.017,Banque Centrale Européenne
2011-04-22,1887.882,Banque Centrale Européenne
2011-04-29,1894.101,Banque Centrale Européenne
2011-05-06,1901.85,Banque Centrale Européenne
2011-05-13,1898.665,Banque Centrale Européenne
2011-05-20,1895.87,Banque Centrale Européenne
2011-05-27,1900.61,Banque Centrale Européenne
2011-06-03,1898.989,Banque Centrale Européenne
2011-06-10,1892.579,Banque Centrale Européenne
2011-06-17,1914.538,Banque Centrale Européenne
2011-06-24,1972.174,Banque Centrale Européenne
2011-07-01,1944.583,Banque Centrale Européenne
2011-07-08,1919.501,Banque Centrale Européenne
2011-07-15,1957.194,Banque Centrale Européenne
2011-07-22,2006.061,Banque Centrale Européenne
2011-07-29,2000.471,Banque Centrale Européenne
2011-08-05,2004.29,Banque Centrale Européenne
2011-08-12,2073.026,Banque Centrale Européenne
2011-08-19,2076.647,Banque Centrale Européenne
2011-08-26,2071.633,Banque Centrale Européenne
2011-09-02,2073.122,Banque Centrale Européenne
2011-09-09,2086.364,Banque Centrale Européenne
2011-09-16,2134.721,Banque Centrale Européenne
2011-09-23,2180.075,Banque Centrale Européenne
2011-09-30,2288.571,Banque Centrale Européenne
2011-10-07,2295.727,Banque Centrale Européenne
2011-10-14,2310.857,Banque Centrale Européenne
2011-10-21,2313.175,Banque Centrale Européenne
2011-10-28,2333.373,Banque Centrale Européenne
2011-11-04,2328.553,Banque Centrale Européenne
2011-11-11,2343.547,Banque Centrale Européenne
2011-11-18,2393.35,Banque Centrale Européenne
2011-11-25,2419.548,Banque Centrale Européenne
2011-12-02,2435.688,Banque Centrale Européenne
2011-12-09,2460.813,Banque Centrale Européenne
2011-12-16,2493.806,Banque Centrale Européenne
2011-12-23,2733.235,Banque Centrale Européenne
2011-12-30,2735.628,Banque Centrale Européenne
2012-01-06,2687.871,Banque Centrale Européenne
2012-01-13,2676.987,Banque Centrale Européenne
2012-01-20,2706.197,Banque Centrale Européenne
2012-01-27,2682.576,Banque Centrale Européenne
2012-02-03,2662.126,Banque Centrale Européenne
2012-02-10,2655.784,Banque Centrale Européenne
2012-02-17,2663.261,Banque Centrale Européenne
2012-02-24,2692.598,Banque Centrale Européenne
2012-03-02,3023.159,Banque Centrale Européenne
2012-03-09,3005.782,Banque Centrale Européenne
2012-03-16,2986.294,Banque Centrale Européenne
2012-03-23,2982.849,Banque Centrale Européenne
2012-03-30,2964.427,Banque Centrale Européenne
2012-04-06,2965.333,Banque Centrale Européenne
2012-04-13,2974.859,Banque Centrale Européenne
2012-04-20,2967.109,Banque Centrale Européenne
2012-04-27,2962.103,Banque Centrale Européenne
2012-05-04,2960.317,Banque Centrale Européenne
2012-05-11,2971.515,Banque Centrale Européenne
2012-05-18,2975.261,Banque Centrale Européenne
2012-05-25,2980.31,Banque Centrale Européenne
2012-06-01,3002.593,Banque Centrale Européenne
2012-06-08,3009.684,Banque Centrale Européenne
2012-06-15,3027.305,Banque Centrale Européenne
2012-06-22,3057.892,Banque Centrale Européenne
2012-06-29,3102.227,Banque Centrale Européenne
2012-07-06,3085.006,Banque Centrale Européenne
2012-07-13,3099.646,Banque Centrale Européenne
2012-07-20,3079.749,Banque Centrale Européenne
2012-07-27,3094.144,Banque Centrale Européenne
2012-08-03,3085.214,Banque Centrale Européenne
2012-08-10,3086.822,Banque Centrale Européenne
2012-08-17,3085.845,Banque Centrale Européenne
2012-08-24,3080.452,Banque Centrale Européenne
2012-08-31,3084.769,Banque Centrale Européenne
2012-09-07,3073.494,Banque Centrale Européenne
2012-09-14,3061.012,Banque Centrale Européenne
2012-09-21,3049.539,Banque Centrale Européenne
2012-09-28,3082.432,Banque Centrale Européenne
2012-10-05,3062.589,Banque Centrale Européenne
2012-10-12,3053.641,Banque Centrale Européenne
2012-10-19,3046.569,Banque Centrale Européenne
2012-10-26,3046.543,Banque Centrale Européenne
2012-11-02,3040.693,Banque Centrale Européenne
2012-11-09,3038.871,Banque Centrale Européenne
2012-11-16,3041.305,Banque Centrale Européenne
2012-11-23,3035.28,Banque Centrale Européenne
2012-11-30,3033.294,Banque Centrale Européenne
2012-12-07,3030.422,Banque Centrale Européenne
2012-12-14,3024.812,Banque Centrale Européenne
2012-12-21,3011.2,Banque Centrale Européenne
2012-12-28,3018.198,Banque Centrale Européenne
2013-01-04,2956.165,Banque Centrale Européenne
2013-01-11,2952.532,Banque Centrale Européenne
2013-01-18,2942.211,Banque Centrale Européenne
2013-01-25,2928.781,Banque Centrale Européenne
2013-02-01,2769.695,Banque Centrale Européenne
2013-02-08,2767.571,Banque Centrale Européenne
2013-02-15,2755.725,Banque Centrale Européenne
2013-02-22,2748.823,Banque Centrale Européenne
2013-03-01,2680.619,Banque Centrale Européenne
2013-03-08,2665.947,Banque Centrale Européenne
2013-03-15,2647.844,Banque Centrale Européenne
2013-03-22,2642.7,Banque Centrale Européenne
2013-03-29,2648.126,Banque Centrale Européenne
2013-04-05,2647.097,Banque Centrale Européenne
2013-04-12,2634.454,Banque Centrale Européenne
2013-04-19,2617.263,Banque Centrale Européenne
2013-04-26,2611.252,Banque Centrale Européenne
2013-05-03,2608.12,Banque Centrale Européenne
2013-05-10,2606.277,Banque Centrale Européenne
2013-05-17,2577.406,Banque Centrale Européenne
2013-05-24,2560.202,Banque Centrale Européenne
2013-05-31,2549.449,Banque Centrale Européenne
2013-06-07,2546.6,Banque Centrale Européenne
2013-06-14,2550.684,Banque Centrale Européenne
2013-06-21,2545.321,Banque Centrale Européenne
2013-06-28,2430.423,Banque Centrale Européenne
2013-07-05,2420.347,Banque Centrale Européenne
2013-07-12,2403.333,Banque Centrale Européenne
2013-07-19,2398.959,Banque Centrale Européenne
2013-07-26,2396.181,Banque Centrale Européenne
2013-08-02,2391.09,Banque Centrale Européenne
2013-08-09,2379.322,Banque Centrale Européenne
2013-08-16,2368.521,Banque Centrale Européenne
2013-08-23,2360.832,Banque Centrale Européenne
2013-08-30,2360.639,Banque Centrale Européenne
2013-09-06,2356.675,Banque Centrale Européenne
2013-09-13,2350.127,Banque Centrale Européenne
2013-09-20,2346.591,Banque Centrale Européenne
2013-09-27,2338.044,Banque Centrale Européenne
2013-10-04,2350.58,Banque Centrale Européenne
2013-10-11,2340.421,Banque Centrale Européenne
2013-10-18,2327.962,Banque Centrale Européenne
2013-10-25,2318.744,Banque Centrale Européenne
2013-11-01,2314.393,Banque Centrale Européenne
2013-11-08,2305.431,Banque Centrale Européenne
2013-11-15,2299.017,Banque Centrale Européenne
2013-11-22,2293.601,Banque Centrale Européenne
2013-11-29,2290.956,Banque Centrale Européenne
2013-12-06,2280.794,Banque Centrale Européenne
2013-12-13,2283.02,Banque Centrale Européenne
2013-12-20,2287.531,Banque Centrale Européenne
2013-12-27,2285.399,Banque Centrale Européenne
2014-01-03,2278.56,Banque Centrale Européenne
2014-01-10,2220.507,Banque Centrale Européenne
2014-01-17,2197.86,Banque Centrale Européenne
2014-01-24,2221.296,Banque Centrale Européenne
2014-01-31,2217.061,Banque Centrale Européenne
2014-02-07,2190.338,Banque Centrale Européenne
2014-02-14,2190.099,Banque Centrale Européenne
2014-02-21,2184.848,Banque Centrale Européenne
2014-02-28,2181.079,Banque Centrale Européenne
2014-03-07,2172.324,Banque Centrale Européenne
2014-03-14,2167.771,Banque Centrale Européenne
2014-03-21,2166.08,Banque Centrale Européenne
2014-03-28,2152.103,Banque Centrale Européenne
2014-04-04,2160.987,Banque Centrale Européenne
2014-04-11,2169.081,Banque Centrale Européenne
2014-04-18,2167.801,Banque Centrale Européenne
2014-04-25,2169.061,Banque Centrale Européenne
2014-05-02,2217.128,Banque Centrale Européenne
2014-05-09,2167.718,Banque Centrale Européenne
2014-05-16,2185.009,Banque Centrale Européenne
2014-05-23,2163.727,Banque Centrale Européenne
2014-05-30,2197.095,Banque Centrale Européenne
2014-06-06,2172.316,Banque Centrale Européenne
2014-06-13,2124.281,Banque Centrale Européenne
2014-06-20,2079.975,Banque Centrale Européenne
2014-06-27,2088.099,Banque Centrale Européenne
2014-07-04,2070.293,Banque Centrale Européenne
2014-07-11,2057.083,Banque Centrale Européenne
2014-07-18,2062.474,Banque Centrale Européenne
2014-07-25,2044.312,Banque Centrale Européenne
2014-08-01,2059.683,Banque Centrale Européenne
2014-08-08,2025.258,Banque Centrale Européenne
2014-08-15,2023.176,Banque Centrale Européenne
2014-08-22,2013.019,Banque Centrale Européenne
2014-08-29,2038.716,Banque Centrale Européenne
2014-09-05,2012.13,Banque Centrale Européenne
2014-09-12,2003.802,Banque Centrale Européenne
2014-09-19,1988.153,Banque Centrale Européenne
2014-09-26,2038.235,Banque Centrale Européenne
2014-10-03,2053.668,Banque Centrale Européenne
2014-10-10,2042.685,Banque Centrale Européenne
2014-10-17,2029.725,Banque Centrale Européenne
2014-10-24,2032.783,Banque Centrale Européenne
2014-10-31,2052.07,Banque Centrale Européenne
2014-11-07,2029.737,Banque Centrale Européenne
2014-11-14,2028.156,Banque Centrale Européenne
2014-11-21,2033.165,Banque Centrale Européenne
2014-11-28,2053.892,Banque Centrale Européenne
2014-12-05,2038.091,Banque Centrale Européenne
2014-12-12,2034.746,Banque Centrale Européenne
2014-12-19,2134.802,Banque Centrale Européenne
2014-12-26,2150.247,Banque Centrale Européenne
2015-01-02,2215.995,Banque Centrale Européenne
2015-01-09,2168.821,Banque Centrale Européenne
2015-01-16,2158.222,Banque Centrale Européenne
2015-01-23,2159.796,Banque Centrale Européenne
2015-01-30,2181.954,Banque Centrale Européenne
2015-02-06,2150.212,Banque Centrale Européenne
2015-02-13,2153.125,Banque Centrale Européenne
2015-02-20,2167.794,Banque Centrale Européenne
2015-02-27,2155.836,Banque Centrale Européenne
2015-03-06,2134.819,Banque Centrale Européenne
2015-03-13,2142.116,Banque Centrale Européenne
2015-03-20,2157.841,Banque Centrale Européenne
2015-03-27,2250.801,Banque Centrale Européenne
2015-04-03,2334.126,Banque Centrale Européenne
2015-04-10,2348.963,Banque Centrale Européenne
2015-04-17,2344.062,Banque Centrale Européenne
2015-04-24,2360.79,Banque Centrale Européenne
2015-05-01,2372.553,Banque Centrale Européenne
2015-05-08,2377.854,Banque Centrale Européenne
2015-05-15,2388.627,Banque Centrale Européenne
2015-05-22,2402.553,Banque Centrale Européenne
2015-05-29,2416.666,Banque Centrale Européenne
2015-06-05,2428.326,Banque Centrale Européenne
2015-06-12,2442.098,Banque Centrale Européenne
2015-06-19,2451.947,Banque Centrale Européenne
2015-06-26,2539.544,Banque Centrale Européenne
2015-07-03,2497.003,Banque Centrale Européenne
2015-07-10,2508.195,Banque Centrale Européenne
2015-07-17,2518.972,Banque Centrale Européenne
2015-07-24,2525.159,Banque Centrale Européenne
2015-07-31,2536.592,Banque Centrale Européenne
2015-08-07,2536.634,Banque Centrale Européenne
2015-08-14,2541.947,Banque Centrale Européenne
2015-08-21,2549.254,Banque Centrale Européenne
2015-08-28,2558.78,Banque Centrale Européenne
2015-09-04,2568.311,Banque Centrale Européenne
2015-09-11,2587.28,Banque Centrale Européenne
2015-09-18,2602.314,Banque Centrale Européenne
2015-09-25,2620.631,Banque Centrale Européenne
2015-10-02,2626.835,Banque Centrale Européenne
2015-10-09,2632.3,Banque Centrale Européenne
2015-10-16,2640.557,Banque Centrale Européenne
2015-10-23,2653.233,Banque Centrale Européenne
2015-10-30,2664.996,Banque Centrale Européenne
2015-11-06,2668.903,Banque Centrale Européenne
2015-11-13,2682.374,Banque Centrale Européenne
2015-11-20,2692.443,Banque Centrale Européenne
2015-11-27,2706.74,Banque Centrale Européenne
2015-12-04,2718.65,Banque Centrale Européenne
2015-12-11,2731.936,Banque Centrale Européenne
2015-12-18,2759.255,Banque Centrale Européenne
2015-12-25,2767.815,Banque Centrale Européenne
2016-01-01,2781.145,Banque Centrale Européenne
2016-01-08,2766.889,Banque Centrale Européenne
2016-01-15,2778.265,Banque Centrale Européenne
2016-01-22,2794.527,Banque Centrale Européenne
2016-01-29,2808.331,Banque Centrale Européenne
2016-02-05,2811.913,Banque Centrale Européenne
2016-02-12,2827.603,Banque Centrale Européenne
2016-02-19,2837.575,Banque Centrale Européenne
2016-02-26,2850.299,Banque Centrale Européenne
2016-03-04,2859.841,Banque Centrale Européenne
2016-03-11,2872.321,Banque Centrale Européenne
2016-03-18,2886.198,Banque Centrale Européenne
2016-03-25,2897.696,Banque Centrale Européenne
2016-04-01,2941.761,Banque Centrale Européenne
2016-04-08,2953.136,Banque Centrale Européenne
2016-04-15,2966.107,Banque Centrale Européenne
2016-04-22,2983.183,Banque Centrale Européenne
2016-04-29,3000.759,Banque Centrale Européenne
2016-05-06,3017.789,Banque Centrale Européenne
2016-05-13,3032.84,Banque Centrale Européenne
2016-05-20,3054.101,Banque Centrale Européenne
2016-05-27,3067.481,Banque Centrale Européenne
2016-06-03,3078.612,Banque Centrale Européenne
2016-06-10,3093.866,Banque Centrale Européenne
2016-06-17,3109.588,Banque Centrale Européenne
2016-06-24,3131.095,Banque Centrale Européenne
2016-07-01,3232.618,Banque Centrale Européenne
2016-07-08,3237.92,Banque Centrale Européenne
2016-07-15,3249.177,Banque Centrale Européenne
2016-07-22,3265.838,Banque Centrale Européenne
2016-07-29,3284.309,Banque Centrale Européenne
2016-08-05,3286.139,Banque Centrale Européenne
2016-08-12,3296.568,Banque Centrale Européenne
2016-08-19,3313.323,Banque Centrale Européenne
2016-08-26,3330.487,Banque Centrale Européenne
2016-09-02,3341.775,Banque Centrale Européenne
2016-09-09,3358.742,Banque Centrale Européenne
2016-09-16,3372.373,Banque Centrale Européenne
2016-09-23,3391.402,Banque Centrale Européenne
2016-09-30,3438.145,Banque Centrale Européenne
2016-10-07,3451.426,Banque Centrale Européenne
2016-10-14,3469.281,Banque Centrale Européenne
2016-10-21,3494.929,Banque Centrale Européenne
2016-10-28,3507.401,Banque Centrale Européenne
2016-11-04,3518.455,Banque Centrale Européenne
2016-11-11,3534.266,Banque Centrale Européenne
2016-11-18,3553.353,Banque Centrale Européenne
2016-11-25,3566.23,Banque Centrale Européenne
2016-12-02,3587.38,Banque Centrale Européenne
2016-12-09,3609.773,Banque Centrale Européenne
2016-12-16,3630.732,Banque Centrale Européenne
2016-12-23,3685.708,Banque Centrale Européenne
2016-12-30,3662.901,Banque Centrale Européenne
2017-01-06,3672.638,Banque Centrale Européenne
2017-01-13,3697.302,Banque Centrale Européenne
2017-01-20,3719.624,Banque Centrale Européenne
2017-01-27,3740.766,Banque Centrale Européenne
2017-02-03,3749.499,Banque Centrale Européenne
2017-02-10,3770.942,Banque Centrale Européenne
2017-02-17,3787.893,Banque Centrale Européenne
2017-02-24,3808.242,Banque Centrale Européenne
2017-03-03,3820.341,Banque Centrale Européenne
2017-03-10,3839.855,Banque Centrale Européenne
2017-03-17,3856.913,Banque Centrale Européenne
2017-03-24,3877.037,Banque Centrale Européenne
2017-03-31,4100.73,Banque Centrale Européenne
2017-04-07,4116.353,Banque Centrale Européenne
2017-04-14,4129.996,Banque Centrale Européenne
2017-04-21,4139.398,Banque Centrale Européenne
2017-04-28,4148.032,Banque Centrale Européenne
2017-05-05,4156.826,Banque Centrale Européenne
2017-05-12,4170.588,Banque Centrale Européenne
2017-05-19,4185.693,Banque Centrale Européenne
2017-05-26,4195.685,Banque Centrale Européenne
2017-06-02,4204.543,Banque Centrale Européenne
2017-06-09,4218.129,Banque Centrale Européenne
2017-06-16,4232.941,Banque Centrale Européenne
2017-06-23,4246.15,Banque Centrale Européenne
2017-06-30,4209.51,Banque Centrale Européenne
2017-07-07,4214.696,Banque Centrale Européenne
2017-07-14,4229.286,Banque Centrale Européenne
2017-07-21,4235.758,Banque Centrale Européenne
2017-07-28,4248.28,Banque Centrale Européenne
2017-08-04,4246.485,Banque Centrale Européenne
2017-08-11,4255.955,Banque Centrale Européenne
2017-08-18,4265.713,Banque Centrale Européenne
2017-08-25,4278.881,Banque Centrale Européenne
2017-09-01,4283.727,Banque Centrale Européenne
2017-09-08,4299.776,Banque Centrale Européenne
2017-09-15,4308.875,Banque Centrale Européenne
2017-09-22,4328.211,Banque Centrale Européenne
2017-09-29,4318.624,Banque Centrale Européenne
2017-10-06,4337.684,Banque Centrale Européenne
2017-10-13,4371.623,Banque Centrale Européenne
2017-10-20,4363.408,Banque Centrale Européenne
2017-10-27,4371.222,Banque Centrale Européenne
2017-11-03,4373.2,Banque Centrale Européenne
2017-11-10,4387.732,Banque Centrale Européenne
2017-11-17,4411.864,Banque Centrale Européenne
2017-11-24,4427.474,Banque Centrale Européenne
2017-12-01,4440.791,Banque Centrale Européenne
2017-12-08,4456.579,Banque Centrale Européenne
2017-12-15,4471.856,Banque Centrale Européenne
2017-12-22,4487.284,Banque Centrale Européenne
2017-12-29,4471.563,Banque Centrale Européenne
2018-01-05,4466.001,Banque Centrale Européenne
2018-01-12,4472.739,Banque Centrale Européenne
2018-01-19,4484.003,Banque Centrale Européenne
2018-01-26,4493.058,Banque Centrale Européenne
2018-02-02,4491.151,Banque Centrale Européenne
2018-02-09,4493.672,Banque Centrale Européenne
2018-02-16,4504.781,Banque Centrale Européenne
2018-02-23,4511.54,Banque Centrale Européenne
2018-03-02,4519.36,Banque Centrale Européenne
2018-03-09,4530.083,Banque Centrale Européenne
2018-03-16,4532.642,Banque Centrale Européenne
2018-03-23,4539.072,Banque Centrale Européenne
2018-03-30,4529.579,Banque Centrale Européenne
2018-04-06,4531.497,Banque Centrale Européenne
2018-04-13,4548.153,Banque Centrale Européenne
2018-04-20,4543.973,Banque Centrale Européenne
2018-04-27,4554.344,Banque Centrale Européenne
2018-05-04,4552.564,Banque Centrale Européenne
2018-05-11,4562.061,Banque Centrale Européenne
2018-05-18,4561.577,Banque Centrale Européenne
2018-05-25,4562.651,Banque Centrale Européenne
2018-06-01,4567.744,Banque Centrale Européenne
2018-06-08,4577.214,Banque Centrale Européenne
2018-06-15,4578.465,Banque Centrale Européenne
2018-06-22,4585.571,Banque Centrale Européenne
2018-06-29,4592.518,Banque Centrale Européenne
2018-07-06,4591.235,Banque Centrale Européenne
2018-07-13,4599.857,Banque Centrale Européenne
2018-07-20,4605.004,Banque Centrale Européenne
2018-07-27,4612.006,Banque Centrale Européenne
2018-08-03,4602.258,Banque Centrale Européenne
2018-08-10,4608.108,Banque Centrale Européenne
2018-08-17,4614.032,Banque Centrale Européenne
2018-08-24,4619.437,Banque Centrale Européenne
2018-08-31,4621.355,Banque Centrale Européenne
2018-09-07,4633.963,Banque Centrale Européenne
2018-09-14,4638.843,Banque Centrale Européenne
2018-09-21,4645.821,Banque Centrale Européenne
2018-09-28,4619.792,Banque Centrale Européenne
2018-10-05,4625.045,Banque Centrale Européenne
2018-10-12,4632.893,Banque Centrale Européenne
2018-10-19,4628.278,Banque Centrale Européenne
2018-10-26,4624.792,Banque Centrale Européenne
2018-11-02,4622.163,Banque Centrale Européenne
2018-11-09,4626.222,Banque Centrale Européenne
2018-11-16,4638.303,Banque Centrale Européenne
2018-11-23,4646.891,Banque Centrale Européenne
2018-11-30,4660.299,Banque Centrale Européenne
2018-12-07,4662.985,Banque Centrale Européenne
2018-12-14,4668.116,Banque Centrale Européenne
2018-12-21,4674.919,Banque Centrale Européenne
2018-12-28,4669.003,Banque Centrale Européenne
2019-01-04,4694.301,Banque Centrale Européenne
2019-01-11,4703.402,Banque Centrale Européenne
2019-01-18,4705.948,Banque Centrale Européenne
2019-01-25,4708.899,Banque Centrale Européenne
2019-02-01,4695.505,Banque Centrale Européenne
2019-02-08,4696.466,Banque Centrale Européenne
2019-02-15,4702.787,Banque Centrale Européenne
2019-02-22,4692.062,Banque Centrale Européenne
2019-03-01,4686.299,Banque Centrale Européenne
2019-03-08,4691.325,Banque Centrale Européenne
2019-03-15,4680.588,Banque Centrale Européenne
2019-03-22,4676.984,Banque Centrale Européenne
2019-03-29,4695.785,Banque Centrale Européenne
2019-04-05,4699.60467061145,Banque Centrale Européenne
2019-04-12,4701.826,Banque Centrale Européenne
2019-04-19,4707.931,Banque Centrale Européenne
2019-04-26,4697.616,Banque Centrale Européenne
2019-05-03,4683.918,Banque Centrale Européenne
2019-05-10,4685.377,Banque Centrale Européenne
2019-05-17,4684.866,Banque Centrale Européenne
2019-05-24,4692.616,Banque Centrale Européenne
2019-05-31,4685.961,Banque Centrale Européenne
2019-06-07,4690.441,Banque Centrale Européenne
2019-06-14,4681.351,Banque Centrale Européenne
2019-06-21,4682.68,Banque Centrale Européenne
2019-06-28,4692.614,Banque Centrale Européenne
2019-07-05,4677.463,Banque Centrale Européenne
2019-07-12,4684.376,Banque Centrale Européenne
2019-07-19,4688.182,Banque Centrale Européenne
2019-07-26,4685.716,Banque Centrale Européenne
2019-08-02,4679.18,Banque Centrale Européenne
2019-08-09,4677.751,Banque Centrale Européenne
2019-08-16,4676.077,Banque Centrale Européenne
2019-08-23,4681.001,Banque Centrale Européenne
2019-08-30,4683.714,Banque Centrale Européenne
2019-09-06,4681.637,Banque Centrale Européenne
2019-09-13,4674.603,Banque Centrale Européenne
2019-09-20,4662.978,Banque Centrale Européenne
2019-09-27,4638.104,Banque Centrale Européenne
2019-10-04,4695.111,Banque Centrale Européenne
2019-10-11,4692.26,Banque Centrale Européenne
2019-10-18,4687.115,Banque Centrale Européenne
2019-10-25,4680.875,Banque Centrale Européenne
2019-11-01,4676.258,Banque Centrale Européenne
2019-11-08,4684.135,Banque Centrale Européenne
2019-11-15,4691.919,Banque Centrale Européenne
2019-11-22,4696.531,Banque Centrale Européenne
2019-11-29,4698.291,Banque Centrale Européenne
2019-12-06,4709.281,Banque Centrale Européenne
2019-12-13,4713.568,Banque Centrale Européenne
2019-12-20,4682.592,Banque Centrale Européenne
2019-12-27,4691.998,Banque Centrale Européenne
2020-01-03,4664.037,Banque Centrale Européenne
2020-01-10,4655.772,Banque Centrale Européenne
2020-01-17,4660.34,Banque Centrale Européenne
2020-01-24,4674.369,Banque Centrale Européenne
2020-01-31,4671.365,Banque Centrale Européenne
2020-02-07,4668.9,Banque Centrale Européenne
2020-02-14,4679.726,Banque Centrale Européenne
2020-02-21,4688.301,Banque Centrale Européenne
2020-02-28,4691.852,Banque Centrale Européenne
2020-03-06,4702.214,Banque Centrale Européenne
2020-03-13,4704.239,Banque Centrale Européenne
2020-03-20,4927.267,Banque Centrale Européenne
2020-03-27,5062.687,Banque Centrale Européenne
2020-04-03,5199.822,Banque Centrale Européenne
2020-04-10,5257.49,Banque Centrale Européenne
2020-04-17,5282.926,Banque Centrale Européenne
2020-04-24,5347.042,Banque Centrale Européenne
2020-05-01,5395.184,Banque Centrale Européenne
2020-05-08,5451.001,Banque Centrale Européenne
2020-05-15,5505.521,Banque Centrale Européenne
2020-05-22,5555.276,Banque Centrale Européenne
2020-05-29,5596.07,Banque Centrale Européenne
2020-06-05,5655.414,Banque Centrale Européenne
2020-06-12,5630.275,Banque Centrale Européenne
2020-06-19,5636.378,Banque Centrale Européenne
2020-06-26,6236.143,Banque Centrale Européenne
2020-07-03,6288.974,Banque Centrale Européenne
2020-07-10,6309.16,Banque Centrale Européenne
2020-07-17,6322.604,Banque Centrale Européenne
2020-07-24,6351.419,Banque Centrale Européenne
2020-07-31,6360.822,Banque Centrale Européenne
2020-08-07,6385.307,Banque Centrale Européenne
2020-08-14,6404.662,Banque Centrale Européenne
2020-08-21,6424.042,Banque Centrale Européenne
2020-08-28,6440.237,Banque Centrale Européenne
2020-09-04,6458.857,Banque Centrale Européenne
2020-09-11,6474.612,Banque Centrale Européenne
2020-09-18,6502.422,Banque Centrale Européenne
2020-09-25,6534.815,Banque Centrale Européenne
2020-10-02,6705.112,Banque Centrale Européenne
2020-10-09,6725.697,Banque Centrale Européenne
2020-10-16,6743.525,Banque Centrale Européenne
2020-10-23,6781.825,Banque Centrale Européenne
2020-10-30,6775.763,Banque Centrale Européenne
2020-11-06,6796.905,Banque Centrale Européenne
2020-11-13,6833.483,Banque Centrale Européenne
2020-11-20,6867.814,Banque Centrale Européenne
2020-11-27,6883.402,Banque Centrale Européenne
2020-12-04,6923.12,Banque Centrale Européenne
2020-12-11,6949.632,Banque Centrale Européenne
2020-12-18,7008.896,Banque Centrale Européenne
2020-12-25,7014.661,Banque Centrale Européenne
2021-01-01,6979.324,Banque Centrale Européenne
2021-01-08,6984.713,Banque Centrale Européenne
2021-01-15,7015.645,Banque Centrale Européenne
2021-01-22,7024.24,Banque Centrale Européenne
2021-01-29,7033.256,Banque Centrale Européenne
2021-02-05,7054.472,Banque Centrale Européenne
2021-02-12,7079.135,Banque Centrale Européenne
2021-02-19,7101.159,Banque Centrale Européenne
2021-02-26,7110.487,Banque Centrale Européenne
2021-03-05,7120.334,Banque Centrale Européenne
2021-03-12,7137.484,Banque Centrale Européenne
2021-03-19,7162.23,Banque Centrale Européenne
2021-03-26,7505.021,Banque Centrale Européenne
2021-04-02,7494.111,Banque Centrale Européenne
2021-04-09,7514.267,Banque Centrale Européenne
2021-04-16,7522.199,Banque Centrale Européenne
2021-04-23,7558.28,Banque Centrale Européenne
2021-04-30,7567.945,Banque Centrale Européenne
2021-05-07,7588.768,Banque Centrale Européenne
2021-05-14,7615.694,Banque Centrale Européenne
2021-05-21,7643.17,Banque Centrale Européenne
2021-05-28,7657.629,Banque Centrale Européenne
2021-06-04,7680.137,Banque Centrale Européenne
2021-06-11,7700.937,Banque Centrale Européenne
2021-06-18,7736.536,Banque Centrale Européenne
2021-06-25,7877.127,Banque Centrale Européenne
2021-07-02,7907.807,Banque Centrale Européenne
2021-07-09,7926.55,Banque Centrale Européenne
2021-07-16,7950.657,Banque Centrale Européenne
2021-07-23,7988.045,Banque Centrale Européenne
2021-07-30,7987.364,Banque Centrale Européenne
2021-08-06,8009.675539,Banque Centrale Européenne
2021-08-13,8036.014,Banque Centrale Européenne
2021-08-20,8052.776,Banque Centrale Européenne
2021-08-27,8191.312,Banque Centrale Européenne
2021-09-03,8207.534,Banque Centrale Européenne
2021-09-10,8222.733,Banque Centrale Européenne
2021-09-17,8244.572,Banque Centrale Européenne
2021-09-24,8273.207,Banque Centrale Européenne
2021-10-01,8289.148,Banque Centrale Européenne
2021-10-08,8314.285,Banque Centrale Européenne
2021-10-15,8336.713,Banque Centrale Européenne
2021-10-22,8368.278,Banque Centrale Européenne
2021-10-29,8366.071,Banque Centrale Européenne
2021-11-05,8382.672,Banque Centrale Européenne
2021-11-12,8414.393,Banque Centrale Européenne
2021-11-19,8442.311,Banque Centrale Européenne
2021-11-26,8456.991,Banque Centrale Européenne
2021-12-03,8469.908,Banque Centrale Européenne
2021-12-10,8496.633,Banque Centrale Européenne
2021-12-17,8511.461,Banque Centrale Européenne
2021-12-24,8512.308,Banque Centrale Européenne
2021-12-31,8566.372,Banque Centrale Européenne
2022-01-07,8573.28,Banque Centrale Européenne
2022-01-14,8593.991,Banque Centrale Européenne
2022-01-21,8600.346,Banque Centrale Européenne
2022-01-28,8622.576,Banque Centrale Européenne
2022-02-04,8630.101,Banque Centrale Européenne
2022-02-11,8651.801,Banque Centrale Européenne
2022-02-18,8667.911,Banque Centrale Européenne
2022-02-25,8671.293,Banque Centrale Européenne
2022-03-04,8672.977,Banque Centrale Européenne
2022-03-11,8686.99,Banque Centrale Européenne
2022-03-18,8700.036,Banque Centrale Européenne
2022-03-25,8710.615,Banque Centrale Européenne
2022-04-01,8753.992,Banque Centrale Européenne
2022-04-08,8763.72,Banque Centrale Européenne
2022-04-15,8787.905,Banque Centrale Européenne
2022-04-22,8790.918,Banque Centrale Européenne
2022-04-29,8783.589,Banque Centrale Européenne
2022-05-06,8796.118,Banque Centrale Européenne
2022-05-13,8810.309,Banque Centrale Européenne
2022-05-20,8814.019,Banque Centrale Européenne
2022-05-27,8813.834,Banque Centrale Européenne
2022-06-03,8817.918,Banque Centrale Européenne
2022-06-10,8820.944,Banque Centrale Européenne
2022-06-17,8827.944,Banque Centrale Européenne
2022-06-24,8835.987,Banque Centrale Européenne
2022-07-01,8788.761,Banque Centrale Européenne
2022-07-08,8774.413,Banque Centrale Européenne
2022-07-15,8765.687,Banque Centrale Européenne
2022-07-22,8768.286,Banque Centrale Européenne
2022-07-29,8764.48,Banque Centrale Européenne
2022-08-05,8745.981,Banque Centrale Européenne
2022-08-12,8747.798,Banque Centrale Européenne
2022-08-19,8750.679,Banque Centrale Européenne
2022-08-26,8750.036,Banque Centrale Européenne
2022-09-02,8756.825,Banque Centrale Européenne
2022-09-09,8759.12,Banque Centrale Européenne
2022-09-16,8756.881,Banque Centrale Européenne
2022-09-23,8777.369,Banque Centrale Européenne
2022-09-30,8810.111,Banque Centrale Européenne
2022-10-07,8771.976,Banque Centrale Européenne
2022-10-14,8778.072,Banque Centrale Européenne
2022-10-21,8774.759,Banque Centrale Européenne
2022-10-28,8770.67,Banque Centrale Européenne
2022-11-04,8761.655,Banque Centrale Européenne
2022-11-11,8764.662,Banque Centrale Européenne
2022-11-18,8769.062,Banque Centrale Européenne
2022-11-25,8471.442,Banque Centrale Européenne
2022-12-02,8470.941,Banque Centrale Européenne
2022-12-09,8480.172,Banque Centrale Européenne
2022-12-16,8477.232,Banque Centrale Européenne
2022-12-23,7985.527,Banque Centrale Européenne
2022-12-30,7955.797,Banque Centrale Européenne
2023-01-06,7968.035,Banque Centrale Européenne
2023-01-13,7972.052,Banque Centrale Européenne
2023-01-20,7959.18,Banque Centrale Européenne
2023-01-27,7893.991,Banque Centrale Européenne
2023-02-03,7875.365,Banque Centrale Européenne
2023-02-10,7872.208,Banque Centrale Européenne
2023-02-17,7873.582,Banque Centrale Européenne
2023-02-24,7839.385,Banque Centrale Européenne
2023-03-03,7830.796,Banque Centrale Européenne
2023-03-10,7829.368,Banque Centrale Européenne
2023-03-17,7831.859,Banque Centrale Européenne
2023-03-24,7835.921,Banque Centrale Européenne
2023-03-31,7729.612,Banque Centrale Européenne
2023-04-07,7729.251,Banque Centrale Européenne
2023-04-14,7730.924,Banque Centrale Européenne
2023-04-21,7714.222,Banque Centrale Européenne
2023-04-28,7719.816,Banque Centrale Européenne
2023-05-05,7716.913,Banque Centrale Européenne
2023-05-12,7728.51,Banque Centrale Européenne
2023-05-19,7730.118,Banque Centrale Européenne
2023-05-26,7713.658,Banque Centrale Européenne
2023-06-02,7712.715,Banque Centrale Européenne
2023-06-09,7714.391,Banque Centrale Européenne
2023-06-16,7709.739,Banque Centrale Européenne
2023-06-23,7710.607,Banque Centrale Européenne
2023-06-30,7219.695,Banque Centrale Européenne
2023-07-07,7206.902,Banque Centrale Européenne
2023-07-14,7205.494,Banque Centrale Européenne
2023-07-21,7186.888,Banque Centrale Européenne
2023-07-28,7189.296,Banque Centrale Européenne
2023-08-04,7164.56,Banque Centrale Européenne
2023-08-11,7166.516,Banque Centrale Européenne
2023-08-18,7153.069,Banque Centrale Européenne
2023-08-25,7154.855,Banque Centrale Européenne
2023-09-01,7168.248,Banque Centrale Européenne
2023-09-08,7153.078,Banque Centrale Européenne
2023-09-15,7135.734,Banque Centrale Européenne
2023-09-22,7141.982,Banque Centrale Européenne
2023-09-29,7066.454,Banque Centrale Européenne
2023-10-06,7057.055,Banque Centrale Européenne
2023-10-13,7056.7,Banque Centrale Européenne
2023-10-20,7037.999,Banque Centrale Européenne
2023-10-27,7019.671,Banque Centrale Européenne
2023-11-03,7001.618,Banque Centrale Européenne
2023-11-10,6998.866,Banque Centrale Européenne
2023-11-17,7001.073,Banque Centrale Européenne
2023-11-24,6995.799,Banque Centrale Européenne
2023-12-01,7002.047,Banque Centrale Européenne
2023-12-08,6993.472,Banque Centrale Européenne
2023-12-15,6987.406,Banque Centrale Européenne
2023-12-22,6899.165,Banque Centrale Européenne
2023-12-29,6935.489,Banque Centrale Européenne
2024-01-05,6919.847,Banque Centrale Européenne
2024-01-12,6923.651,Banque Centrale Européenne
2024-01-19,6889.268,Banque Centrale Européenne
2024-01-26,6887.588,Banque Centrale Européenne
2024-02-02,6865.402,Banque Centrale Européenne
2024-02-09,6861.417,Banque Centrale Européenne
2024-02-16,6842.684,Banque Centrale Européenne
2024-02-23,6830.94,Banque Centrale Européenne
2024-03-01,6819.969,Banque Centrale Européenne
2024-03-08,6813.189,Banque Centrale Européenne
2024-03-15,6815.594,Banque Centrale Européenne
2024-03-22,6809.96,Banque Centrale Européenne
2024-03-29,6619.689,Banque Centrale Européenne
2024-04-05,6585.349,Banque Centrale Européenne
2024-04-12,6596.669,Banque Centrale Européenne
2024-04-19,6593.161,Banque Centrale Européenne
2024-04-26,6598.86,Banque Centrale Européenne
2024-05-03,6582.07,Banque Centrale Européenne
2024-05-10,6580.954,Banque Centrale Européenne
2024-05-17,6562.429,Banque Centrale Européenne
2024-05-24,6577.697,Banque Centrale Européenne
2024-05-31,6560.665,Banque Centrale Européenne
2024-06-07,6541.633,Banque Centrale Européenne
2024-06-14,6534.521,Banque Centrale Européenne
2024-06-21,6536.817,Banque Centrale Européenne
2024-06-28,6522.003,Banque Centrale Européenne
2024-07-05,6497.699,Banque Centrale Européenne
2024-07-12,6494.463,Banque Centrale Européenne
2024-07-19,6478.323,Banque Centrale Européenne
2024-07-26,6475.497,Banque Centrale Européenne
2024-08-02,6468.687,Banque Centrale Européenne
2024-08-09,6462.215,Banque Centrale Européenne
2024-08-16,6449.231,Banque Centrale Européenne
2024-08-23,6459.136,Banque Centrale Européenne
2024-08-30,6473.096,Banque Centrale Européenne
2024-09-06,6456.6,Banque Centrale Européenne
2024-09-13,6442.517,Banque Centrale Européenne
2024-09-20,6428.492,Banque Centrale Européenne
2024-09-27,6398.397,Banque Centrale Européenne
2024-10-04,6438.772,Banque Centrale Européenne
2024-10-11,6441.605,Banque Centrale Européenne
2024-10-18,6429.11,Banque Centrale Européenne
2024-10-25,6414.443,Banque Centrale Européenne
2024-11-01,6404.234,Banque Centrale Européenne
2024-11-08,6392.99,Banque Centrale Européenne
2024-11-15,6382.997,Banque Centrale Européenne
2024-11-22,6385.076,Banque Centrale Européenne
2024-11-29,6372.76,Banque Centrale Européenne
2024-12-06,6351.987,Banque Centrale Européenne
2024-12-13,6353.201,Banque Centrale Européenne
2024-12-20,6344.802,Banque Centrale Européenne
2024-12-27,6357.247,Banque Centrale Européenne
2025-01-03,6412.636,Banque Centrale Européenne
2025-01-10,6407.186,Banque Centrale Européenne
2025-01-17,6403.368,Banque Centrale Européenne
2025-01-24,6408.074,Banque Centrale Européenne
2025-01-31,6393.68,Banque Centrale Européenne
2025-02-07,6371.003,Banque Centrale Européenne
2025-02-14,6368.862,Banque Centrale Européenne
2025-02-21,6349.598,Banque Centrale Européenne
2025-02-28,6319.531,Banque Centrale Européenne
2025-03-07,6287.78,Banque Centrale Européenne
2025-03-14,6274.495,Banque Centrale Européenne
2025-03-21,6274.268,Banque Centrale Européenne
2025-03-28,6246.998,Banque Centrale Européenne
2025-04-04,6338.174,Banque Centrale Européenne
2025-04-11,6329.821,Banque Centrale Européenne
2025-04-18,6329.339,Banque Centrale Européenne
2025-04-25,6329.947,Banque Centrale Européenne
2025-05-02,6313.602,Banque Centrale Européenne
2025-05-09,6301.244,Banque Centrale Européenne
2025-05-16,6291.674,Banque Centrale Européenne
2025-05-23,6293.998,Banque Centrale Européenne
2025-05-30,6274.536,Banque Centrale Européenne
2025-06-06,6243.216,Banque Centrale Européenne
2025-06-13,6237.173,Banque Centrale Européenne
2025-06-20,6241.546,Banque Centrale Européenne
2025-06-27,6232.169,Banque Centrale Européenne
2025-07-04,6141.314,Banque Centrale Européenne
2025-07-11,6137.098,Banque Centrale Européenne
2025-07-18,6118.884,Banque Centrale Européenne
2025-07-25,6121.778,Banque Centrale Européenne
2025-08-01,6108.888,Banque Centrale Européenne
2025-08-08,6100.485,Banque Centrale Européenne
